Item,Price,Rating,Number_of_reviews,Status,Image_link
Acer Predator Helios Neo 14.5 inch QHD+ 120Hz Gaming Laptop Intel Core Ultra 7-155H NVIDIA GeForce RTX 4070 16GB DDR5 RAM 1TB SSD Obsidian Black (2024),"1,599.$.00",4.9,21.0,,https://i5.walmartimages.com/asr/e89fe9dd-c568-4db7-93c9-b2a194f00054.b21f84d394c0ef84c901bed792a923f7.png?odnHeight=784&odnWidth=580&odnBg=FFFFFF
"eufy Security 5-Piece Home Security Kit, Homebase, Keypad, Motion Sensor, Entry Sensors",99.$.98,4.7,22.0,,https://i5.walmartimages.com/asr/c552b79f-54fa-4380-9e23-5132ecad3fd9.f09cb902433eeb3e2e985e903998533d.jpeg?odnHeight=784&odnWidth=580&odnBg=FFFFFF
SAMSUNG 85 Class DU7200B Crystal UHD 4K Smart TV UN85DU7200BXZA 2024,"1,097.$.99",4.6,157.0,,https://i5.walmartimages.com/asr/891102a4-7ead-43bb-b972-cf8e6f8acbc2.7a23d9f97bf2e3859ce90ec27e06f838.jpeg?odnHeight=784&odnWidth=580&odnBg=FFFFFF
"Hisense 55-Inch Class U6 Series Mini-LED ULED 4K UHD Google Smart TV (55U6N) - QLED Quantum Dot Color, Dolby Vision, Full Array Local Dimming, Game Mode Plus",448.$.00,4.8,11.0,,https://i5.walmartimages.com/asr/647970a5-96f8-40be-9594-06f137a434ba.e431170283a13cd93207ea5861ce7172.jpeg?odnHeight=784&odnWidth=580&odnBg=FFFFFF
"Razer BlackShark V2 SE Wired Gaming Headset for PC, PS4, PS5, Xbox X|S, Switch, 262 g, Black",74.$.95,4.6,161.0,,https://i5.walmartimages.com/asr/7ebd085a-d4f5-4273-b269-cbd2897f6f94.1f79972e65b11a80160fa9c61a9e88cf.png?odnHeight=784&odnWidth=580&odnBg=FFFFFF
"Acer Aspire 3, 15.6"" Full HD IPS Display, AMD Ryzen 5 7520U Quad-Core Mobile Processor, 8GB LPDDR5, 512GB NVMe SSD, Protective Sleeve, Pure Silver, A315-24P-R2AG",399.$.00,4.5,22.0,,https://i5.walmartimages.com/asr/82419b69-2477-464e-b2f9-85b7c551d3be.08c6c2afaeb1b4e05338122ee6b24b79.jpeg?odnHeight=784&odnWidth=580&odnBg=FFFFFF
"eufy Security SoloCam S230 Wireless 2K Solar Powered Camera w/Spotlight, No Monthly Fee",129.$.99,4.8,23.0,,https://i5.walmartimages.com/asr/e922cf53-70b9-4f6e-91d9-a5a5a249c05b.5b93a2fab39b6de083cdcc623b888967.jpeg?odnHeight=784&odnWidth=580&odnBg=FFFFFF
"Logitech MX Master 3S, Wireless Performance Mouse, Ergo, 8K DPI, Quiet Clicks, USB-C, Black",83.$.99,4.7,96.0,,https://i5.walmartimages.com/seo/Logitech-MX-Master-3S-Wireless-Performance-Mouse-Ergo-8K-DPI-Quiet-Clicks-USB-C-Black_c1454fca-d817-4de1-ba66-042f1bd6fd36.d3df2148bddb2c6dd997c985a18bf2f5.jpeg?odnHeight=784&odnWidth=580&odnBg=FFFFFF
"HyperX QuadCast S RGB USB Condenser Microphone with Shock Mount and Pop Filter for Gaming, Streaming, Podcasts, White",99.$.12,4.4,34.0,,https://i5.walmartimages.com/seo/HyperX-QuadCast-S-RGB-USB-Condenser-Microphone-with-Shock-Mount-and-Pop-Filter-for-Gaming-Streaming-Podcasts-White_4e77bfa3-4e01-44c0-9329-e377cba6e44a.7f73d72655e37496814acfaa23462ca6.jpeg?odnHeight=784&odnWidth=580&odnBg=FFFFFF
"onn. Google TV Full HD Streaming Device (New, 2023)",14.$.88,4.4,1173.0,,https://i5.walmartimages.com/asr/5cac9c94-757a-4b18-95fe-96f81457719f.e0304da29ed4cda90bc4119f0a45496d.png?odnHeight=784&odnWidth=580&odnBg=FFFFFF
"TCL 43"" Class S Class 1080p FHD LED Smart TV with Roku TV - 43S310R (New)",148.$.00,4.6,1244.0,,https://i5.walmartimages.com/asr/2c200a6b-0b81-4d33-b433-77659f70556d.cb13d403f3505f92b2ba44da1ea4728d.jpeg?odnHeight=784&odnWidth=580&odnBg=FFFFFF
Apple Watch Series 9 With Blood Oxygen. GPS 41mm Midnight Aluminum Case with Midnight Sport Band - S/M.,299.$.00,4.7,2096.0,,https://i5.walmartimages.com/seo/Apple-Watch-Series-9-With-Blood-Oxygen-GPS-41mm-Midnight-Aluminum-Case-with-Midnight-Sport-Band-S-M_b38485c6-7a6d-4858-abba-19fdf2df4080.a04077e77d6bcfc2a36158dbe6ca0acd.jpeg?odnHeight=784&odnWidth=580&odnBg=FFFFFF
"Razer BlackWidow V3 Tenkeyless Wired Mechanical Gaming Keyboard for PC with RGB Chroma, Green Switches, Black",89.$.00,4.6,28.0,,https://i5.walmartimages.com/asr/c41c5537-7462-41a5-a79d-90c6cb4ac030.1e1ee7da9cb7a274e63e9041e8f24091.png?odnHeight=784&odnWidth=580&odnBg=FFFFFF
"VIZIO 50"" Class 4K UHD LED HDR Smart TV (New) V4K50M-08",238.$.00,4.3,145.0,,https://i5.walmartimages.com/asr/4ee39d11-1221-4565-a907-26e7a47d6ed8.20766af67ece593d4adaefd5fc6586b9.jpeg?odnHeight=784&odnWidth=580&odnBg=FFFFFF
"onn. Google TV 4K Pro Streaming Device (New, 2024), 4K UHD resolution, Dolby Vision & Dolby ATMOS, Hands-Free Voice Control, Smart Hub",49.$.88,4.5,610.0,,https://i5.walmartimages.com/asr/45adbe9d-9dbc-47f1-95db-e01fde66503f.ca404b11b40f8d4ccf5c4cf6c8139a3f.jpeg?odnHeight=784&odnWidth=580&odnBg=FFFFFF
"Logitech Wireless Keyboard and Mouse Combo for Windows, 2.4 GHz Wireless, Compact Mouse, Rose",17.$.98,4.5,4476.0,,https://i5.walmartimages.com/seo/Logitech-Wireless-Keyboard-and-Mouse-Combo-for-Windows-2-4-GHz-Wireless-Compact-Mouse-Rose_9b647a85-0109-4efe-bfbe-1413b7b5dd15.92d2fa4f6dfc52427e326fcad469cab5.jpeg?odnHeight=784&odnWidth=580&odnBg=FFFFFF
ASUS Vivobook 16 inch WUXGA IPS Laptop Intel Core i7-1255U 16GB RAM 512GB SSD Black,499.$.00,4.6,212.0,,https://i5.walmartimages.com/asr/2ca09af0-253d-4c95-9ac1-3aa5a9ace260.0fb0c855cfe18be938c38174863f87ba.jpeg?odnHeight=784&odnWidth=580&odnBg=FFFFFF
"Bose SoundLink Flex Wireless Waterproof Portable Bluetooth Speaker, Black",149.$.00,4.7,2418.0,,https://i5.walmartimages.com/seo/Bose-SoundLink-Flex-Wireless-Waterproof-Portable-Bluetooth-Speaker-Black_e3682e2c-1160-4a6b-b96a-50a7e8b8c045.23c03d5d3fdf6ae1aa19975a180fbf32.jpeg?odnHeight=784&odnWidth=580&odnBg=FFFFFF
MSI Thin 15.6 inch 144Hz Gaming Laptop Intel Core i5-13420H NVIDIA GeForce RTX 3050 16GB DDR4 512GB SSD Gray (2024),699.$.00,4.6,43.0,,https://i5.walmartimages.com/asr/b4ba83e9-6ef4-4379-a217-25493e8aa7fa.ae034b2ba662a8d223f4cf38d2afbb2d.jpeg?odnHeight=784&odnWidth=580&odnBg=FFFFFF
VIZIO 43 Class Full HD 1080p LED Smart TV (New) VFD43M-0804,168.$.00,4.4,167.0,,https://i5.walmartimages.com/asr/2700bac2-c3fb-4566-bdb5-62288c7dcb1f.4abec9d67eff5cf888d69fbefdcb81b0.jpeg?odnHeight=784&odnWidth=580&odnBg=FFFFFF
"VIZIO 40"" Class Full HD 1080p LED Smart TV (New) VFD40M-08",148.$.00,4.2,119.0,,https://i5.walmartimages.com/asr/24b60b5c-cdcb-445d-aa43-697acb108fa3.86166b3a3aacfebec76b558fb4be80fd.jpeg?odnHeight=784&odnWidth=580&odnBg=FFFFFF
ASUS Zenbook 14 inch OLED WUXGA Touch Laptop AMD Ryzen 7-8840HS 16GB RAM 512GB SSD Jade Black,799.$.00,4.6,34.0,,https://i5.walmartimages.com/asr/0ff75495-29af-40cb-911d-1362535998ba.6749d98cef10f8509c64aa7701f646df.jpeg?odnHeight=784&odnWidth=580&odnBg=FFFFFF
SAMSUNG 50 Class DU7200B Crystal UHD 4K Smart TV UN50DU7200BXZA 2024,348.$.00,4.6,201.0,,https://i5.walmartimages.com/asr/a10b1cec-7993-4c93-8714-1cf6072cd4e0.b5da59b7e8ca6f3e3cb35124aea124d0.jpeg?odnHeight=784&odnWidth=580&odnBg=FFFFFF
SAMSUNG 43 Class DU7200B Crystal UHD 4K Smart TV UN43DU7200BXZA 2024,328.$.00,4.6,186.0,,https://i5.walmartimages.com/asr/891102a4-7ead-43bb-b972-cf8e6f8acbc2.7a23d9f97bf2e3859ce90ec27e06f838.jpeg?odnHeight=784&odnWidth=580&odnBg=FFFFFF
SAMSUNG 85 Class QN85D NEO QLED 4K Smart TV QN85QN85DBFXZA 2024,"2,997.$.99",4.9,55.0,,https://i5.walmartimages.com/asr/933ec437-6800-446d-bf56-45d73eaf2f06.1fa9b8fa3127f1bd8f23af1befb98030.jpeg?odnHeight=784&odnWidth=580&odnBg=FFFFFF
ASUS Vivobook S 15.6 inch 3K OLED 120Hz Laptop Intel Core Ultra 7-155H Intel Evo Edition 16GB RAM 1TB SSD Mist Blue,749.$.00,,,,https://i5.walmartimages.com/seo/ASUS-Vivobook-S-15-6-inch-3K-OLED-120Hz-Laptop-Intel-Core-Ultra-7-155H-Intel-Evo-Edition-16GB-RAM-1TB-SSD-Mist-Blue_5b4b21cc-25b1-460a-87f1-3161db54d290.9d0f5d51e687af9bdab83984fd5a4875.jpeg?odnHeight=784&odnWidth=580&odnBg=FFFFFF
"TCL 98"" Q Class 4K UHD HDR QLED Smart TV with Google TV (NEW 2024) 98Q651G","1,998.$.00",,,,https://i5.walmartimages.com/asr/42da96e8-e583-4b3a-a2e5-6d0fe6a7bb59.dedf4819c96261c90411efdc59acbd15.jpeg?odnHeight=784&odnWidth=580&odnBg=FFFFFF
CyberPowerPC Gamer Xtreme Gaming Desktop Liquid Cooled Intel Core i7-14700KF NVIDIA GeForce RTX 4070 12GB 32GB DDR5 1TB SSD Black (2024),"1,499.$.00",4.6,22.0,,https://i5.walmartimages.com/asr/02dcd78a-f840-470a-8c74-9fa9ec2f6e61.fd86c1f5b9aeebc4a8c8e22365c84229.jpeg?odnHeight=784&odnWidth=580&odnBg=FFFFFF
VIZIO 75 Class 4K UHD LED HDR Smart TV (New) V4K75M-08,598.$.00,4.3,56.0,,https://i5.walmartimages.com/asr/8a5debbd-ba86-4134-8a61-0416560dff67.7acf5ed8e633e891b91d60d5e46308e4.jpeg?odnHeight=784&odnWidth=580&odnBg=FFFFFF
"TCL 85"" Q Class 4K UHD HDR QLED Smart TV with Google TV (NEW 2024)  85Q651G",998.$.00,,,,https://i5.walmartimages.com/asr/1fecde3a-17df-4b89-8f6e-31eb89397832.8d927bc74ce3f680aae1c72c0160be3c.jpeg?odnHeight=784&odnWidth=580&odnBg=FFFFFF
"Roku 65-Inch Select Series 4K HDR Smart Roku TV with Roku Enhanced Voice Remote, Brilliant 4K Picture, Automatic Brightness, & Seamless Streaming",398.$.00,4.3,154.0,,https://i5.walmartimages.com/asr/16249d82-37e9-4ec5-a85b-d8c37482b714.e73e33faabcb80f6cd95b6cc41c7a9f2.jpeg?odnHeight=784&odnWidth=580&odnBg=FFFFFF
HP 23.8 inch Touch All-in-One Desktop Intel Core i3-1215U 8GB RAM 256GB SSD Starry White,549.$.00,,,,https://i5.walmartimages.com/asr/b870fda7-42a2-4966-8025-6c9ee4f53281.17b37a132053cf994ee6be73c106ccd5.jpeg?odnHeight=784&odnWidth=580&odnBg=FFFFFF
"Bose Ultra Open Ear Headphones, Bluetooth Wireless Earbuds with Charging Case, Black",299.$.00,4.2,544.0,,https://i5.walmartimages.com/seo/Bose-Ultra-Open-Ear-Headphones-Bluetooth-Wireless-Earbuds-with-Charging-Case-Black_6294312a-1bec-4353-9bb7-835c17d3bc43.5d55c5d84d6ceaa6c08e3285096e644c.jpeg?odnHeight=784&odnWidth=580&odnBg=FFFFFF
"VIZIO 65"" Class Quantum 4K QLED HDR Smart TV (NEW) M65Q6-L4",498.$.00,4.3,1048.0,,https://i5.walmartimages.com/asr/57fcbede-a688-4445-80eb-d8efd175df74.1e89746d9fb65b520dd652284efdfe6a.jpeg?odnHeight=784&odnWidth=580&odnBg=FFFFFF
ASUS ROG Strix G17 17.3 inch WQHD 240Hz Gaming Laptop AMD Ryzen 9-7845HX NVIDIA GeForce RTX 4060 16GB DDR5 1TB SSD Eclipse Gray (2023),"1,394.$.00",4.5,208.0,,https://i5.walmartimages.com/asr/8a5257b2-883c-477e-8142-35b46352f92a.0b55fb46033257cd57f4aada7acef161.jpeg?odnHeight=784&odnWidth=580&odnBg=FFFFFF
"onn. 7"" Tablet, 32GB, (2024 Model) - Indigo",59.$.00,4.5,124.0,,https://i5.walmartimages.com/seo/onn-7-Tablet-32GB-2024-Model-Indigo_27b2673d-0189-4e02-a605-7333f60f883b.9f9a06750a18701bb12dbad067226fce.jpeg?odnHeight=784&odnWidth=580&odnBg=FFFFFF
"LG 65"" Class 4K UHD OLED Web OS 24 Smart 120 Hz TV with Dolby Vision - OLED65C4PUA","2,096.$.99",,,,./index5_files/b664443e-9a8e-447f-b6c6-5a0171417438.d959dd3604a1b00d83307b56880e24b9.jpeg
AT&T Samsung Galaxy S24 Plus Marble Gray 256GB,23.$.59/month,4.0,1.0,,./index5_files/AT-T-Samsung-Galaxy-S24-Plus-Marble-Gray-256GB_c71f1ed5-791b-4a84-8d9e-63c41515564e.4c4f2a6ce20069a6cc244fe97a5e9551.jpeg
"Mobile Pixels Glance 15.6"" Full HD - 60 Hz - 16:9 Portable LCD Monitor",158.$.92,4.8,4.0,,./index5_files/66ad2078-6bb9-4559-b410-f26bbbbd9b95.316e78630f89fc38e1e4c0c9a1323f58.png
"TCL 75"" S Class 4K UHD HDR LED Smart TV with Google TV (NEW 2024) - 75S551G",528.$.00,,,,./index5_files/2366829b-749b-4144-832a-1d4ff22b6026.2e53dc7e4b37d352d272acd2654b88be.jpeg
"TCL 55"" S Class 4K UHD HDR LED Smart TV with Google TV (NEW 2024) - 55S551G",278.$.00,,,,./index5_files/4ce84c05-ee3b-4b1c-b43d-fb49744d9498.35917029709ea8b64b95e176865226b7.jpeg
Verizon Samsung Galaxy S24 Plus Gray 256GB,23.$.59/month,,,,./index5_files/Verizon-Samsung-Galaxy-S24-Plus-Gray-256GB_c71f1ed5-791b-4a84-8d9e-63c41515564e.4c4f2a6ce20069a6cc244fe97a5e9551.jpeg
"Roku 75-Inch Select Series 4K HDR Smart Roku TV with Roku Enhanced Voice Remote, Brilliant 4K Picture, Automatic Brightness, & Seamless Streaming",598.$.00,4.4,120.0,,./index5_files/f4851bf3-062b-4bda-b4a7-2568c181d3dc.1215a5d7b485fe97b22ba749b6ac79ce.jpeg
"Philips 70"" Class 4K Ultra HD (2160p) Google Smart LED Television (70PUL7553/F7)",498.$.00,4.8,897.0,,./index5_files/15b06ff0-5939-4859-bdf3-55aac4000088.c3ff915880297522f3440263c1955f99.jpeg
Verizon Samsung Galaxy S24 Black 128GB,19.$.42/month,,,,./index5_files/Verizon-Samsung-Galaxy-S24-Black-128GB_c508250a-2656-48b0-80c7-2c3ad2c7e944.c39aaf227fb4388cb42a061fee421b1b.jpeg
SAMSUNG 55 Class DU8000B Crystal UHD 4K Smart TV UN55DU8000BXZA 2024,528.$.00,4.5,87.0,,./index5_files/b8b5b43d-b631-4a88-a58a-ed5cbd9b3977.da6913d1c7355665dc77869f80b2e348.jpeg
SAMSUNG 85 Class QN800D Neo QLED 8K Smart TV QN85QN800DFXZA 2024,"5,797.$.99",5.0,30.0,,./index5_files/cf86930d-0946-42c3-80b9-d121c6c57efb.ac87267be8616be821745ba2cd55bd1f.jpeg
"Monster LED 13ft Multi-Color Color Flow Light Strip, Customizable, Indoor, Corded Electric",16.$.99,4.4,89.0,,./index5_files/23d1a3f1-b8c7-4593-bafb-7fddda46d8f5.4cdbce33509d9318a0ca71f0330dbd15.jpeg
"Mobile Pixels Glance Portable 15.6-In. 1080p Full HD OLED Monitor, 101-1012P01",283.$.45,,,,./index5_files/d16efbc7-fdd9-40a7-8d8b-ab75f5f73ea5.db13be17d4b020ce140aa4e2c669694e.jpeg
SAMSUNG 85 Class QN900D Neo QLED 8K Smart TV QN85QN900DFXZA 2024,"7,497.$.99",4.8,43.0,,./index5_files/354b10a8-b69f-4a3f-bed8-3e4089dcbde0.1e2fb49c2ec8669dccaf20ca67ad781e.jpeg
AT&T Samsung Galaxy S24 Onyx Black 128GB,19.$.42/month,,,,./index5_files/AT-T-Samsung-Galaxy-S24-Onyx-Black-128GB_c508250a-2656-48b0-80c7-2c3ad2c7e944.c39aaf227fb4388cb42a061fee421b1b.jpeg
"Logitech Wave Keys MK670 Wireless Keyboard and Mouse Combo for Windows/Mac with Integrated Palm-rest, Graphite",67.$.55,5.0,5.0,,./index5_files/439c18ee-9330-4e62-96f9-67bff759b01c.c2e765b389282161b1f5dd00e1de6afd.jpeg
"MP TRIO 2.0 13.3-In. 1080p Portable Laptop Monitors, 101-1003P04",384.$.19,,,,./index5_files/2bd33532-5833-4961-9f86-2d2f4db3bd2f.06484d0d1ba0a58c6cd41defd98a52c1.jpeg
SAMSUNG 65 Class QN900D Neo QLED 8K Smart TV QN65QN900DFXZA 2024,"4,797.$.99",4.9,42.0,,./index5_files/354b10a8-b69f-4a3f-bed8-3e4089dcbde0.1e2fb49c2ec8669dccaf20ca67ad781e.jpeg
"Straight Talk Apple iPhone 15 Pro, 256GB, Blue - Prepaid Smartphone","1,099.$.00",,,,./index5_files/c3cca415-412a-4670-97b1-764f2da40509.1772f29c3ca7b7c15ac1d8e01d6cd9a6.jpeg
SAMSUNG 65 Class QN800D Neo QLED 8K Smart TV QN65QN800DFXZA 2024,"3,297.$.99",5.0,30.0,,./index5_files/cf86930d-0946-42c3-80b9-d121c6c57efb.ac87267be8616be821745ba2cd55bd1f.jpeg
"ASUS ZenScreen 15.6"" Portable USB Type-C Monitor- FHD, IPS Panel, Compatible with USB Type-C and Type-A Sources, Flicker Free, Blue Light Filter, Kickstand Design - MB16ACV",209.$.00,4.6,11.0,,./index5_files/e4095dc2-47d7-4626-90f5-559632e273c9.fdbb62ca6c9d450c6812efe390ada081.jpeg
"Belkin USB C Hub, 11-in-1 Multi-Port Laptop Dock with 4K HDMI, DP, VGA, USB C Docking Station with 100W Power Delivery, USB A, Gigabit Ethernet, SD, MicroSD, 3.5mm Port For MacBook Pro, Air and More",119.$.99,4.2,56.0,,./index5_files/69e19b44-c4da-4a81-9da7-2056891cf170.4bc440249b074ff290f630f9c6bda3b2.jpeg
"Straight Talk Apple iPhone 15, 128GB, Yellow - Prepaid Smartphone",829.$.00,5.0,1.0,,./index5_files/330f7f9a-2b2c-4cdf-9746-d96a5d455211.b43f1a112efa664d81ab0318d37b848e.jpeg
SAMSUNG 55 Class S95D OLED Smart TV QN55S95DAFXZA 2024,"2,297.$.99",4.8,45.0,,./index5_files/64faa17b-7e12-40f4-a2f8-2ac42c21cc95.65a7141edfce8a36558f390a7ad3d08c.jpeg
"Mobile Pixels DUEX Max DS 14.1-In. IPS LCD Slide-out Display for Laptops, 101-1007P06",214.$.52,5.0,1.0,,./index5_files/14b3d95d-ebc3-4a97-b69d-120be09cbcb7.a3f425b9f8c3c836b7d4166c9d598a66.jpeg
"Vivitar RGB Neon Tube Wall Light with Remote, Light Reacts to Music, Tubes Allow Different Configurations",28.$.88,4.2,98.0,,./index5_files/124205a1-9e93-4eb2-85d7-4daa646708e7.2afacfc87110ef481a98f2e1b2a11e44.jpeg
SAMSUNG 85 Class QN90D Neo QLED 4K Smart TV QN85QN90DAFXZA 2024,"4,497.$.99",4.8,47.0,,./index5_files/a28f3fe2-f39d-411f-b5a8-6e3b189ad9d5.2ae44690fcb50f240fc38763b081ee69.jpeg
"Samsung Galaxy S24+ 256GB Unlocked Android Cell Phone with 50MP Camera, Marble Gray",999.$.99,4.8,811.0,,./index5_files/0baff90c-01ae-4485-ab85-f81ccca9f974.d0848585981ca88f555922e5a3a3ed8b.jpeg
"Mobile Pixels Fold 15.6-In. 1080p Monitor, Black, 101-1010P01",162.$.24,5.0,2.0,,./index5_files/e115f939-e428-485c-a835-c9b9c8097aa6.bdcff026aab08ebd92bb3031a1bb48d3.jpeg
"Belkin SoundForm Inspire Wireless Over-Ear Headset for Kids,Headphones for Girls and Boys, Online Learning, & Travel with Built-In Microphone-Compatible with iPhone, iPad, and More - Lavender",34.$.99,4.9,44.0,,./index5_files/d55f6f71-5372-45ab-973f-4c87139579b9.f9e6d63fa313879a142a7be4211e10dd.jpeg
SAMSUNG 65 Class QN85D NEO QLED 4K Smart TV QN65QN85DBFXZA 2024,"1,697.$.99",4.8,56.0,,./index5_files/933ec437-6800-446d-bf56-45d73eaf2f06.1fa9b8fa3127f1bd8f23af1befb98030.jpeg
"onn. 10.4"" Tablet Pro, 64GB (2023 Model) - Gray",129.$.00,4.4,443.0,,./index5_files/onn-10-4-Tablet-Pro-64GB-2023-Model-Gray_2238c925-2d77-44b0-9bfa-b8e1bd23c0e3.b419c5e2346570c6f6d1f94f44d1ea68.jpeg
SAMSUNG Portable SSD T7 1TB USB 3.2 External - Indigo Blue (MU-PC1T0H/AM),89.$.00,4.7,561.0,,./index5_files/049f7781-e9f4-483e-9000-d40722da3b37.8e8e77e6c0b21300684c67cc1c82aff9.jpeg
"Samsung Galaxy S24+ Plus Cell Phone, 256GB AI Unlocked Android Cell Phone, Onyx Black",999.$.99,4.8,803.0,,./index5_files/a29ac546-2e36-4bf3-bfff-898597e59212.4c355539c163ba09d0dfed955a26821b.jpeg
SAMSUNG 43 Class LS03D The Frame QLED HDR QN43LS03DAFXZA 2024,897.$.99,4.6,44.0,,./index5_files/96597279-fad3-4c71-912d-80f0ad6229ae.74f8762fdf2b675b319fbc29a9797dd0.jpeg
"Straight Talk Apple iPhone 15 Plus, 256GB, Green - Prepaid Smartphone","1,029.$.00",2.1,7.0,,./index5_files/8b2589ee-408b-4336-a4e3-998c6f47826d.d70e1d2b0e1c822cd8d1b8f6cfbc8cbe.jpeg
"Theragun Therabody SmartGoggles Bluetooth Heated Massaging Device for Sleep, Focus, and Stress, White",199.$.00,3.7,152.0,Out of stock,https://i5.walmartimages.com/asr/97e1387e-143c-49b8-b83c-f4332aa4e9b7.a56dc156099920e5fa6704c0e3e48527.png?odnHeight=784&odnWidth=580&odnBg=FFFFFF
"Straight Talk Apple iPhone 15 Pro, 128GB, Blue - Prepaid Smartphone",999.$.00,4.5,28.0,Out of stock,https://i5.walmartimages.com/asr/c3cca415-412a-4670-97b1-764f2da40509.1772f29c3ca7b7c15ac1d8e01d6cd9a6.jpeg?odnHeight=784&odnWidth=580&odnBg=FFFFFF
"Merkury Innovations Smart RGB Strip Lights, 16ft, Sound-Sync",12.$.88,2.9,91.0,Out of stock,https://i5.walmartimages.com/asr/e19bf4f9-1205-491e-b445-7325c9391f65.a21bf1adb1aa4e6c04a639c65a758b62.jpeg?odnHeight=784&odnWidth=580&odnBg=FFFFFF
"Monster LED 6.5ft Multi-Color Color Flow Light Strip, Indoor, Flash Mode Remote, Corded Electric",9.$.00,4.2,132.0,Out of stock,https://i5.walmartimages.com/asr/1286d28f-8af7-4eb3-939f-44fee3055e8a.541be0e9586fbeda63f31758467875df.jpeg?odnHeight=784&odnWidth=580&odnBg=FFFFFF
"Microsoft Surface Laptop Copilot+ PC 13.8"" Touchscreen Snapdragon X Elite Processor 16GB RAM 512GB SSD (7th Edition) Graphite","1,399.$.99",,,Out of stock,https://i5.walmartimages.com/asr/d666e1a0-4ce0-431c-ab0d-182aabab423d.12a762b45ac91486edbe6a4cdf50dd7a.jpeg?odnHeight=784&odnWidth=580&odnBg=FFFFFF
"TCL 85"" S Class 4K UHD HDR LED Smart TV with Google TV (NEW 2024) - 85S551G",798.$.00,,,Out of stock,https://i5.walmartimages.com/asr/4ab089af-800c-4a33-ba4f-2231b0e7cb43.8d0ac24476d5e2030c5c0f51028442bb.jpeg?odnHeight=784&odnWidth=580&odnBg=FFFFFF
ASUS Vivobook Go 15.6 inch Laptop Intel Core i3-N305 8GB RAM 128GB UFS Cool Silver,279.$.00,5.0,3.0,Out of stock,https://i5.walmartimages.com/asr/6b48323a-d363-4d18-bc27-a0688440603f.904534b81c8e6f2b02647b0e2b0d60db.jpeg?odnHeight=784&odnWidth=580&odnBg=FFFFFF
"TCL 75"" S Class 4K UHD HDR LED Smart TV with Google TV (NEW 2024) - 75S551G",528.$.00,,,Out of stock,https://i5.walmartimages.com/asr/2366829b-749b-4144-832a-1d4ff22b6026.2e53dc7e4b37d352d272acd2654b88be.jpeg?odnHeight=784&odnWidth=580&odnBg=FFFFFF
Logitech MX Mechanical Wireless Illuminated Performance Keyboard,132.$.97,2.0,4.0,Out of stock,https://i5.walmartimages.com/seo/Logitech-MX-Mechanical-Wireless-Illuminated-Performance-Keyboard_f1374237-9407-4e8e-9bae-bad881ca0a13.c6805d3d13ed1f1ed3c9637e4d36391d.jpeg?odnHeight=784&odnWidth=580&odnBg=FFFFFF
"Microsoft Surface Laptop 7 13.8"" Touchscreen Laptop, Qualcomm Snapdragon X Plus X1P-64-100, 512GB SSD, Windows 11 Home","1,199.$.99",,,Out of stock,https://i5.walmartimages.com/asr/67e1fb41-684e-405d-8593-3c97a427ab66.900cc93a2e6aacffe254062223928a88.webp?odnHeight=784&odnWidth=580&odnBg=FFFFFF
"TCL 43"" Q Class 4K UHD HDR QLED Smart TV with Google TV (NEW 2024)  43Q651G",278.$.00,5.0,1.0,Out of stock,https://i5.walmartimages.com/asr/97020acc-63ed-4737-9719-e7f7d8d1c069.cb07b77da7dd9118e6562fdcae94bda8.jpeg?odnHeight=784&odnWidth=580&odnBg=FFFFFF
"MSI Claw 7"" 120Hz FHD Handheld Touchscreen Gaming Console Intel Core Ultra 5-135H 16GB RAM 512GB SSD Intel Arc Graphics - Intel Core Ultra 5-135H Tetradeca-core - 120 Hz Refresh Rate - 1920 x 1080 ...",655.$.99,5.0,1.0,Out of stock,https://i5.walmartimages.com/seo/MSI-Claw-7-120Hz-FHD-Handheld-Touchscreen-Gaming-Console-Intel-Core-Ultra-5-135H-16GB-RAM-512GB-SSD-Arc-Graphics-Tetradeca-core-120-Hz-Refresh-Rate-1_3b386916-d709-4ef7-8f1a-affdc3815a40.84cf5b75b31e89b0483ed6d22edca061.jpeg?odnHeight=784&odnWidth=580&odnBg=FFFFFF
"Mobile Pixels DUEX Max DS 14.1-In. IPS LCD Slide-out Display for Laptops, 101-1007P06",214.$.52,5.0,1.0,Out of stock,https://i5.walmartimages.com/asr/14b3d95d-ebc3-4a97-b69d-120be09cbcb7.a3f425b9f8c3c836b7d4166c9d598a66.jpeg?odnHeight=784&odnWidth=580&odnBg=FFFFFF
"New HP 17t-cn200 17.3"" HD High Performance Laptop(Intel Core i7-1255U, 16GB RAM, 1TB SSD, Intel Iris Xe,  Bluetooth, Windows 11 Pro) with Touchscreen,Silver",899.$.00,,,Out of stock,https://i5.walmartimages.com/seo/New-HP-17t-cn200-17-3-HD-High-Performance-Laptop-Intel-Core-i7-1255U-16GB-RAM-1TB-SSD-Intel-Iris-Xe-Bluetooth-Windows-11-Pro-Touchscreen-Silver_e03c863b-c63b-461d-8017-d9ad5b3e7d7a.fbda755ffe4f3c14360b085463e275a5.jpeg?odnHeight=784&odnWidth=580&odnBg=FFFFFF
AT&T Apple iPhone 15 128GB Black,21.$.64/month,5.0,1.0,Out of stock,https://i5.walmartimages.com/seo/AT-T-Apple-iPhone-15-128GB-Black_cef93f3f-12a3-42ef-bac9-49564807a10d.f72a0ebba79e327024f18cfc932116b5.jpeg?odnHeight=784&odnWidth=580&odnBg=FFFFFF
"TCL 65"" Q Class 4K UHD HDR QLED Smart TV with Google TV (NEW 2024)  65Q651G",498.$.00,5.0,1.0,Out of stock,https://i5.walmartimages.com/asr/93b2f65b-fa1d-4858-b041-779c28c5d6cd.e2468bede8dd902f67d6b87642efefd6.jpeg?odnHeight=784&odnWidth=580&odnBg=FFFFFF
"SAMSUNG 43"" Smart Monitor M7 (M70D) 4K UHD with Streaming TV, Speakers and USB-C",419.$.99,,,Out of stock,https://i5.walmartimages.com/asr/15082e56-df10-4633-8664-f47244d82120.43bf41a1ebea122366c2cddc9fb61e2f.jpeg?odnHeight=784&odnWidth=580&odnBg=FFFFFF
LG gram 16 inch WQXGA Laptop Intel Core i7-1360P Intel Evo Edition 16GB RAM 512GB SSD Black,948.$.00,,,Out of stock,https://i5.walmartimages.com/asr/1227712c-049d-4bc7-9047-14625331c2c1.ff004621ebd4a49a7962916d1da0ed5c.jpeg?odnHeight=784&odnWidth=580&odnBg=FFFFFF
Motorola Razr 2023 8/128GB (Unlocked),560.$.00,4.5,53.0,Out of stock,https://i5.walmartimages.com/asr/49329b25-c02b-4198-a315-534fa6cc1dc3.5adbf1aecfd69d6c7d344ddd6eef10c6.jpeg?odnHeight=784&odnWidth=580&odnBg=FFFFFF
"Hisense 55-Inch Class U7 Series Mini-LED Pro ULED 4K UHD Google Smart TV (55U7N) - QLED Quantum Dot Color, Dolby Vision, Native 144Hz, Up to 1500-Nit, Full Array Local Dimming, Motion Rate 480",598.$.00,4.8,23.0,Out of stock,https://i5.walmartimages.com/asr/84f0ea96-8ec3-47b5-828d-cd5a896f37d0.811e703df6cf4eb6369583cf027a7d02.jpeg?odnHeight=784&odnWidth=580&odnBg=FFFFFF
"Vivitar RGB Neon Tube Wall Light with Remote, Light Reacts to Music, Tubes Allow Different Configurations",28.$.88,4.2,98.0,Out of stock,https://i5.walmartimages.com/asr/124205a1-9e93-4eb2-85d7-4daa646708e7.2afacfc87110ef481a98f2e1b2a11e44.jpeg?odnHeight=784&odnWidth=580&odnBg=FFFFFF
"onn. 8"" Kids Tablet, 32GB, (2024 Model) - Blue",99.$.00,4.8,31.0,Out of stock,https://i5.walmartimages.com/seo/onn-8-Kids-Tablet-32GB-2024-Model-Blue_25fc1b84-a0bc-4330-87d3-d4a90d0d205b.80dd1bc34088c550c928f588f56adc99.jpeg?odnHeight=784&odnWidth=580&odnBg=FFFFFF
"Lenovo V15 G3 Home/Business Laptop ,15.6"" FHD,Intel Core i5-1235U,40 GB RAM,1 TB SSD,Webcam, HDMI,Bluetooth, Wi-Fi,Windows 11 Home,Black",,,,Out of stock,https://i5.walmartimages.com/seo/Lenovo-V15-G3-Home-Business-Laptop-15-6-FHD-Intel-Core-i5-1235U-40-GB-RAM-1-TB-SSD-Webcam-HDMI-Bluetooth-Wi-Fi-Windows-11-Home-Black_d67ae4a5-8245-4245-8ce2-deb52aadb025.75c330076aca2c8855ac02a652c3d494.jpeg?odnHeight=784&odnWidth=580&odnBg=FFFFFF
SAMSUNG 43 Class LS03D The Frame QLED HDR QN43LS03DAFXZA 2024,897.$.99,4.6,44.0,Out of stock,https://i5.walmartimages.com/asr/96597279-fad3-4c71-912d-80f0ad6229ae.74f8762fdf2b675b319fbc29a9797dd0.jpeg?odnHeight=784&odnWidth=580&odnBg=FFFFFF
"SAMSUNG 27"" Odyssey OLED G6 (G60SD) QHD 360Hz 0.03ms FreeSync Premium Pro Gaming Monitor with Sleek Metal Design",897.$.69,,,Out of stock,https://i5.walmartimages.com/asr/2165dbe3-5791-4b1f-8056-1ca1053ec020.0f4e16ce1752ff9d671a971207bb547c.jpeg?odnHeight=784&odnWidth=580&odnBg=FFFFFF
"Hisense 75-Inch Class U6 Series Mini-LED ULED 4K UHD Google Smart TV (75U6N) - QLED Quantum Dot Color, Dolby Vision, Full Array Local Dimming, Game Mode Plus",798.$.00,5.0,5.0,Out of stock,https://i5.walmartimages.com/asr/bc6a2271-9fe4-42ac-af85-c65f369b3f01.ca0c196be11609abd1cf28a9688aeba8.jpeg?odnHeight=784&odnWidth=580&odnBg=FFFFFF
"SAMSUNG 32"" Smart Monitor M8 (M80D) 4K UHD with Streaming TV, Speakers, USB-C, Ergonomic Stand and SlimFit Camera",699.$.99,,,Out of stock,https://i5.walmartimages.com/asr/c730abd1-44c2-4e92-9428-c962f917ef04.98a3609c438bd17c65a999f1cf11a3c6.jpeg?odnHeight=784&odnWidth=580&odnBg=FFFFFF
Belkin Advanced Surge Protector - 12 Outlet Surge Protector with USB Charging,37.$.95,5.0,15.0,Out of stock,https://i5.walmartimages.com/asr/196720e6-c726-435b-b475-c4cc1d85210e.be6c0e6a653154e66975c438d4469afb.jpeg?odnHeight=784&odnWidth=580&odnBg=FFFFFF
"TCL 55"" Q Class 4K UHD HDR QLED Smart TV with Google TV (NEW 2024)  55Q651G",368.$.00,5.0,2.0,Out of stock,https://i5.walmartimages.com/asr/4a6ec9ea-de5b-4b3f-a515-8f9668bf35ff.565e7da09ec38ec33499c24e24abaaae.jpeg?odnHeight=784&odnWidth=580&odnBg=FFFFFF
Lenovo Laptop IdeaPad Slim 3 AMD Ryzen 5 PRO 7530U 16GB Memory 512 GB NVMe SSD AMD Radeon Graphics 15.6'' Touchscreen Windows 11 Home 64-bit 82XM0032US,579.$.00,,,Out of stock,https://i5.walmartimages.com/asr/75dd15ba-0bc2-46f2-8a0a-eae6cdf6a00c.fcc4e7d7dcaa6b088d77f4291294c7e9.jpeg?odnHeight=784&odnWidth=580&odnBg=FFFFFF
"Logitech Wireless Presenter R400, Wireless Presentation Remote Clicker with Laser Pointer, Black",23.$.99,4.6,40.0,Out of stock,https://i5.walmartimages.com/asr/90ad4bcb-0f7c-4184-a8e3-b26fcb4a28c4_1.b30011dac9578734baf7e34ff6536433.jpeg?odnHeight=784&odnWidth=580&odnBg=FFFFFF
"Bose SoundLink Max Waterproof Wireless Bluetooth Portable Speaker, Black",399.$.00,4.8,90.0,Out of stock,https://i5.walmartimages.com/seo/Bose-SoundLink-Max-Waterproof-Wireless-Bluetooth-Portable-Speaker-Black_55a56888-c99a-4e8b-b976-94fe61e8b36f.b8cb664a849e24ed8df69092f0e7e43a.jpeg?odnHeight=784&odnWidth=580&odnBg=FFFFFF
motorola edge+ 2023 512GB (Unlocked),660.$.00,,,Out of stock,https://i5.walmartimages.com/asr/ec122b25-21d5-46f2-a408-37765bc2c63e.1f5229176b433a3e02cc2d043a1bb897.jpeg?odnHeight=784&odnWidth=580&odnBg=FFFFFF
"SAMSUNG 32"" Smart Monitor M7 (M70D) 4K UHD with Streaming TV, Speakers and USB-C",399.$.99,,,Out of stock,https://i5.walmartimages.com/asr/e49825a3-631b-4dad-90f2-adb561fba18f.6b0cdccc1b2837dd6d663b46861d5248.jpeg?odnHeight=784&odnWidth=580&odnBg=FFFFFF
"TCL 55"" S Class 4K UHD HDR LED Smart TV with Google TV (NEW 2024) - 55S551G",278.$.00,,,Out of stock,https://i5.walmartimages.com/asr/4ce84c05-ee3b-4b1c-b43d-fb49744d9498.35917029709ea8b64b95e176865226b7.jpeg?odnHeight=784&odnWidth=580&odnBg=FFFFFF
Razr+ 2023 8/256GB (Unlocked),790.$.00,,,Out of stock,https://i5.walmartimages.com/asr/ed566ae4-0fad-4dc1-a06c-54a3f3d4f0e1.0a4b95baf2a056824749f5fca9a95142.jpeg?odnHeight=784&odnWidth=580&odnBg=FFFFFF
"SAMSUNG 32"" Smart Monitor M7 (M70D) 4K UHD with Streaming TV, Speakers and USB-C",399.$.99,,,,./index8_files/b8469dad-9f08-4fdf-a685-b499f060f079.a0006f71cc35ee2ea5151413bf93f24b.jpeg
"SteelSeries Arena 7 Illuminated 2.1 Gaming Speakers  2-Way Speaker Design  Powerful Bass, Subwoofer  Reactive RGB Lighting  USB, Aux, Optical, Wired  Bluetooth  PC, PlayStation, Mobile, Mac",299.$.00,4.9,17.0,,./index8_files/8ac4a5bb-d69e-401f-b7fe-1ea538617713.3fc15b450e41b877f33599da40a4240e.jpeg
"Hisense 65-Inch Class U6 Series Mini-LED ULED 4K UHD Google Smart TV (65U6N) - QLED Quantum Dot Color, Dolby Vision, Full Array Local Dimming, Game Mode Plus",598.$.00,5.0,8.0,,./index8_files/f1baa20f-55ca-45da-a2af-9ed4e574c93b.7f41dff70fa9d246cb3870dbf0822a08.jpeg
Motorola Edge 2023 8/256GB (Unlocked),406.$.05,4.0,39.0,,./index8_files/39159c38-14e9-44ef-956a-b5b21038d632.f9e0150f9e0f056e09002c4c7a4122ee.jpeg
MSI Summit 13.3 inch Touch 2-in-1 Laptop Intel Core Ultra 7-155H Intel Evo Edition 16GB RAM 1TB NVMe SSD Stylus Included Black,999.$.00,,,,./index8_files/cc99f9b1-58b6-4f74-ba49-f128173b8014.0ceaab11337926b28e6ad0b30678584e.jpeg
"Straight Talk Apple iPhone 15 Plus, 256GB, Green - Prepaid Smartphone","1,029.$.00",2.1,7.0,,./index8_files/8b2589ee-408b-4336-a4e3-998c6f47826d.d70e1d2b0e1c822cd8d1b8f6cfbc8cbe.jpeg
"TCL 55"" Q Class 4K UHD HDR QD-Mini LED Smart TV with Google TV (NEW 2024)  55QM751G",698.$.00,,,,./index8_files/97c7fb31-3252-4a7f-a8f9-d0eae81608ca.b161f5a98aa86aba74eddf737f45f484.jpeg
moto g stylus 5G 2023 256GB (Unlocked),295.$.00,4.2,72.0,,./index8_files/78b9bb5f-94a6-4390-9257-5b0b73adcecb.391a83e7ae814e0305931a6012273867.jpeg
"Razer Cobra Pro Lightweight Wireless PC Gaming Mouse with Razer Chroma RGB, Customizable Controls, 77g, Black",109.$.99,4.8,23.0,,./index8_files/d00c5c3d-f3fc-48a6-b1d8-49b223778807.c72c5b3a425efcf1940f833032f8b274.jpeg
"eufy Security Smart Lock C210 5-in-1 Keyless Entry Door Lock, Built-in Wi-Fi, No Bridge Required",79.$.98,3.0,2.0,,./index8_files/1057d6a0-f9bb-497b-9cce-4eb72de023f5.8575d89774d228bf3352dcb59f485854.jpeg
"Hisense 55-Inch Class U8 Series Mini-LED Pro+ ULED 4K UHD Google Smart TV (55U8N) - QLED Quantum Dot Color, Dolby Vision, Native 144Hz, Full Array Local Dimming, Motion Rate 480",798.$.00,4.2,5.0,,./index8_files/3a08d34b-cc0b-4c4c-8649-b65503857b65.83fe8a32dd5a32a3d5d4b9d3bf8c5516.jpeg
"TCL 65"" Q Class 4K UHD HDR QD-Mini LED Smart TV with Google TV (NEW 2024)  65QM751G",898.$.00,,,,./index8_files/b26d9974-13b3-44a5-aee0-39445c7086c2.3367310158c0fcd09d7c9a038dbd76d7.jpeg
"SteelSeries Apex Pro TKL Wireless Mechanical Gaming Keyboard  Tenkeyless  RGB  USB-C - PC, Mac",189.$.99,4.4,7.0,,./index8_files/05c5747a-bb7e-4186-abf5-f4e70861608f.2ea0afe85ba948514d49ea67c0dc94e7.jpeg
"eufy Security SoloCam S230 Wireless 2K Solar Powered Camera w/Spotlight, No Monthly Fee",129.$.99,4.8,23.0,,./index8_files/e922cf53-70b9-4f6e-91d9-a5a5a249c05b.5b93a2fab39b6de083cdcc623b888967.jpeg
"SAMSUNG 27"" Smart Monitor M5 (M50D) FHD with Streaming TV and Speakers",279.$.99,,,,./index8_files/b1cc1d90-cc38-4f2b-8524-f9c513ff213f.e5b5cbdb4e93210f86c42a2211f904db.jpeg
"TCL 75"" Q Class 4K UHD HDR QLED Smart TV with Google TV (NEW 2024)  75Q651G",698.$.00,,,,./index8_files/c269f1ed-b33b-4b69-a9f7-f6a2eda5c26c.184ca52430ba14a45e309f1014de71ce.jpeg
"j5create USB-C Dual 4K HDMI Dock Without PD 3.1 Pass Through Charging (5.12x5.12 in and 14.7 oz), JCD3198",86.$.99,4.3,21.0,,./index8_files/534c3a1c-b97a-445d-adbc-2134fdb936e6.57a590701f898d33d07a4bfb94913f28.jpeg
"Straight Talk Apple iPhone 15, 128GB, Yellow - Prepaid Smartphone",829.$.00,5.0,1.0,,./index8_files/330f7f9a-2b2c-4cdf-9746-d96a5d455211.b43f1a112efa664d81ab0318d37b848e.jpeg
"Mobile Pixels Inc. Geminos 1080p 24-In. Dual-Screen Desktop Monitor, 116-1001P01",695.$.42,3.6,40.0,,./index8_files/e799684f-ac38-4a42-8b4d-dfd2fceede5b.bf3e0ab130988977505c514605d7344f.jpeg
Hisense 50-Inch Class A7 Series Dolby Vision HDR 4K UHD Google Smart TV (50A7N),248.$.00,4.9,23.0,,./index8_files/48bcb534-b73d-4697-b9b5-87483e575b4d.ce20de86c67452056480e5938e4934d6.jpeg
"Microsoft Surface Laptop Copilot+ PC 13.8"" Touchscreen Snapdragon X Plus Processor 16GB Memory 256GB SSD (7th Edition) Platinum",999.$.99,,,,./index8_files/8e6e0a02-25d3-4bc7-a263-cc109a8c8e24.7d136fbc214783d8159559dfb64f03e9.jpeg
"MP TRIO 2.0 13.3-In. 1080p Portable Laptop Monitors, 101-1003P04",384.$.19,,,,./index8_files/2bd33532-5833-4961-9f86-2d2f4db3bd2f.06484d0d1ba0a58c6cd41defd98a52c1.jpeg
"TCL 50"" S Class 4K UHD HDR LED Smart TV with Google TV (NEW 2024) - 50S551G",258.$.00,,,,./index8_files/32428734-7857-4a2a-ab09-76b1993afe55.2b7ce1d1d6c109818ba80a1f3988d38e.jpeg
"Razer Naga V2 HyperSpeed Wireless MMO Gaming Mouse for PC, 19 Buttons, 2.4GHz, Bluetooth, Black",99.$.99,4.4,23.0,,./index8_files/1896545a-9013-4b97-8c9d-5095629dd45c.2827c6d7903b14682522578cc6bdd223.jpeg
"TCL 50"" Q Class 4K UHD HDR QLED Smart TV with Google TV (NEW 2024)  50Q651G",348.$.00,,,,./index8_files/740d9672-ec93-437a-9d9c-9cae7d9db62e.c18e9b73f6d6f6ad46d8ed8f70155a81.jpeg
"j5create USB-C Dual 4K HDMI 10Gbps Mini Dock (2.24x5.8in and 4oz) 100W, JCD398",85.$.00,4.6,20.0,,./index8_files/2b969f4d-5321-4579-9181-c88aac50c9e4.e49d492b5f29170c8bf7076a9813bad1.jpeg
"Microsoft Surface Pro Copilot+ PC Touchscreen 13"" LCD Snapdragon X Plus Processor 16GB RAM 256GB SSD (11th Edition) Platinum",999.$.99,,,,./index8_files/8b0767c1-3020-4663-9eaf-d1ea5abde4df.99c2a326ddfb7cbbbd7d6952acc89ea8.jpeg
"Arzopa 15.6'' 144Hz Portable Gaming Monitor, 1080P FHD USBC HDMI, External Second Screen for Laptop, PS5",119.$.99,4.5,11.0,,./index8_files/c3da30b5-4359-4a72-a314-52d74e797507.6a128141ce14e667f5d527513fe893e7.jpeg
Verizon Apple iPhone 15 Pro 128GB Natural Titanium,26.$.37/month,4.6,7.0,,./index8_files/Verizon-Apple-iPhone-15-Pro-128GB-Natural-Titanium_79baf43f-cbc5-44b3-b066-5b7c88b6dfec.77e2bd5aadd90f19f91b7846d14c2b0e.jpeg
"Monster LED 13ft Multi-Color Color Flow Light Strip, Customizable, Indoor, Corded Electric",16.$.99,4.4,89.0,,./index8_files/23d1a3f1-b8c7-4593-bafb-7fddda46d8f5.4cdbce33509d9318a0ca71f0330dbd15.jpeg
"Razer Kraken Kitty V2 USB Wired RGB Headset, Chroma Kitty Ears Stream Reactive Lighting, Quartz Pink",99.$.00,4.5,29.0,,./index8_files/898535a9-4026-4797-9d33-75f35033bba2.9404e0f697c8c9ea741abad434768bea.jpeg
"Samsung Galaxy S24 256GB Unlocked Android Cell Phone with 50MP Camera, Marble Gray",859.$.99,3.7,60.0,,./index8_files/0baff90c-01ae-4485-ab85-f81ccca9f974.d0848585981ca88f555922e5a3a3ed8b.jpeg
MP 101-1008P01 Glance Pro 15.6-In. Touch-Screen Display Monitor,390.$.78,4.5,51.0,,./index8_files/43cb5ec2-3ad2-4b4d-8389-52c9a2a8d3cb.d944c5bb3735ea76d5ced92ab1c29a64.jpeg
"Singing Machine Sing Cast Max Stand-Alone Karaoke Machine, Stand, & LED Lights, Black, SMC2035",115.$.79,4.4,37.0,,./index8_files/62ee8709-2821-47c9-bbd8-fcd77ec91fb8.7f63818c1fb926637d2681f46160b382.jpeg
Epson EpiqVision Flex CO-FH02 Smart Portable Projector,549.$.99,4.6,20.0,,./index8_files/f568acb8-ccd4-4c27-a0c7-0095f44ecaf3.9d0570980c514234c10ff065710125f4.jpeg
"Samsung Galaxy S24 256GB Unlocked Android Cell Phone with 50MP Camera, Cobalt Violet",896.$.99,3.5,61.0,,./index8_files/bbb10e09-ec02-4bc6-8cbb-2f2cd8b1d848.677bb3578997f1d757ef18a975919587.jpeg
Beats Solo Buds - True Wireless Earbuds - Transparent Red,79.$.95,,,,./New in Tech - Walmart.com_files/Beats-Solo-Buds-True-Wireless-Earbuds-Transparent-Red_15c4cd88-4d8c-4d78-84e9-9f3e06893da7.9a5128c504e53773e3df0ef2efca3d76.png
Sonos Ace Wireless Noise Canceling Headphones (Black),449.$.00,,,,./New in Tech - Walmart.com_files/Sonos-Ace-Wireless-Noise-Canceling-Headphones-Black_cd530d14-bf5b-4f54-a4cf-762f9fb275eb.04b71ebb29ef5ad5661e639a2fb13a09.jpeg
HP Envy X360 15.6 inch Touch 2-in-1 Laptop Intel Core Ultra 7-155U 16GB RAM 512GB SSD Mineral Silver Aluminum,849.$.00,,,,./New in Tech - Walmart.com_files/60b3aefb-36b4-482c-a7be-8e31fa97c3ab.e471ef99d465ad8c91a93281cf5fb5b2.jpeg
Beats Solo4 Wireless Headphones - On-Ear Wireless Headphones - Matte Black,149.$.95,4.8,53.0,,./New in Tech - Walmart.com_files/Beats-Solo4-Wireless-Headphones-On-Ear-Wireless-Headphones-Matte-Black_061bc359-a5bc-4b46-b1ea-b9b957473dcf.fc697a62916553b100bf7967cf2bfef8.png
"HP 15.6"" FHD Laptop, Intel Core i3-N305, 8GB RAM, 256GB SSD, Natural Silver, 15-fd0131wm",379.$.00,5.0,1.0,,./New in Tech - Walmart.com_files/HP-15-6-inch-Laptop-Intel-Core-i3-N305-8GB-RAM-256GB-SSD-Natural-Silver_eb5ba6b9-0c01-4bdf-b8eb-8e0c3f9d83f0.d0970d297e1c7b187a12859152e60757.jpeg
"Apple MacBook Air 13.3 inch Laptop - Space Gray, M1 Chip, 8GB RAM, 256GB storage",699.$.00,4.7,1692.0,,./New in Tech - Walmart.com_files/Apple-MacBook-Air-13-3-inch-Laptop-Space-Gray-M1-Chip-8GB-RAM-256GB-storage_af1d4133-6de9-4bdc-b1c6-1ca8bd0af7a0.c0eb74c31b2cb05df4ed11124d0e255b.jpeg
Apple Magic Mouse Wireless Bluetooth Rechargeable,67.$.98,4.7,222.0,,./New in Tech - Walmart.com_files/f010451c-b7be-449d-b518-39c3d8df0630.95bcae479e1153ddc75e4c3f442f693c.jpeg
2024 Apple 11-inch iPad Air M2 Wi-Fi 128GB - Blue,599.$.00,4.4,25.0,,./New in Tech - Walmart.com_files/2024-Apple-11-inch-iPad-Air-M2-Wi-Fi-128GB-Blue_1512612b-3f81-4661-9b5a-b6e30501ff99.2caff370b34b2a95cde52509e02f68b9.jpeg
Starlink Standard Kit -V4,499.$.00,,,,./New in Tech - Walmart.com_files/f4c92c35-066f-492d-b71c-09b87e2b6d7c.f814eb21ad201fdd09d04bd2a1fb50ec.jpeg
2024 Apple 13-inch iPad Air M2 Wi-Fi 128GB - Blue,754.$.00,4.6,15.0,,./New in Tech - Walmart.com_files/2024-Apple-13-inch-iPad-Air-M2-Wi-Fi-128GB-Blue_1512612b-3f81-4661-9b5a-b6e30501ff99.2caff370b34b2a95cde52509e02f68b9.jpeg
AirPods Pro (2nd generation) with MagSafe Case (USBC),189.$.99,4.6,2978.0,,./New in Tech - Walmart.com_files/7e8598be-0a04-4938-98be-765f1fe80447.2f2187eed7001354fb4911fe454dc0d2.jpeg
Acer Aspire 3 15.6 inch Laptop AMD Ryzen 7-5700U 16GB RAM 512GB SSD Pure Silver,359.$.00,4.4,333.0,,./New in Tech - Walmart.com_files/855fec0a-445b-41f4-97ac-15f020ecd2bc.a41d0f34864c24b911e469ae73727b97.jpeg
"Samsung Galaxy Tab A9+ 11‚Äù Tablet, 64GB, Android, Navy",189.$.00,4.7,320.0,,./New in Tech - Walmart.com_files/Samsung-Galaxy-Tab-A9-11-4GB-RAM-64GB-Storage-Navy-Wi-Fi-Tablet-SM-X210NDBAXAR_14fd00d5-2f27-4cd1-ae4b-c269ae88f138.76e1dfe2c7d5ce3ac2e7d6f35fced1f4.jpeg
"CRUA 24"" 165Hz/180Hz Curved Gaming Monitor - FHD 1080P Frameless Computer Monitor, AMD FreeSync, Low Motion Blur,DP&HDMI Port, Black",104.$.89,4.6,2142.0,,./New in Tech - Walmart.com_files/CRUA-24-165Hz-180Hz-Curved-Gaming-Monitor-FHD-1080P-Frameless-Computer-Monitor-AMD-FreeSync-Low-Motion-Blur-DP-HDMI-Port-Black_7c41d522-039f-48d7-872a-adea8e0618a7.1c88c15f60acfb1307a5f803234.jpeg
HP 14 inch Laptop Intel Core i3-N305 8GB RAM 256GB SSD Moonlight Blue,279.$.00,4.5,205.0,,./New in Tech - Walmart.com_files/3c814651-0efa-4e3c-9598-efb385991581.8bd1455c08963f272709c63b7f0dbf40.jpeg
"Ecomoment Wireless Gaming Headset for PS5, PS4, PC, Switch, Mac with Bluetooth 5.2, 2.4GHz USB Gaming Headphones with Detachable Noise Canceling Mic,Stereo Sound,3.5mm Wired Mode for Xbox Series,White",37.$.39,4.8,975.0,,./New in Tech - Walmart.com_files/Ecomoment-Wireless-Gaming-Headset-PS5-PS4-PC-Switch-Mac-Bluetooth-5-2-2-4GHz-USB-Headphones-Detachable-Noise-Canceling-Mic-Stereo-Sound-3-5mm-Wired-M_90260281-73fe-4c3e-bfeb-3ab947cafe48.5e637.png
Apple Watch Series 9 With Blood Oxygen. GPS + Cellular 45mm Midnight Aluminum Case with Midnight Sport Band - M/L.,429.$.00,4.6,704.0,,./New in Tech - Walmart.com_files/Apple-Watch-Series-9-With-Blood-Oxygen-GPS-Cellular-45mm-Midnight-Aluminum-Case-with-Midnight-Sport-Band-M-L_907628db-b65a-4897-b094-936f3d0be248.51afbace6819e27f8f0ff20aedeb987b.jpeg
Beats Studio Pro Wireless Headphones - Black,249.$.00,4.6,425.0,,./New in Tech - Walmart.com_files/Beats-by-Dr-Dre-Studio-Pro-Wireless-Noise-Cancelling-Over-Ear-Headphones-Black_482fa5f9-4478-43a6-84ef-5abc2de71109.2d23bdd7708ce99a60e99d6a3750171c.png
HP 15.6 inch Laptop Intel Processor N200 4GB RAM 128GB UFS Scarlet Red (12-mo. Microsoft 365 included),219.$.00,4.0,2553.0,,./New in Tech - Walmart.com_files/HP-15-6-inch-Laptop-Intel-Processor-N200-4GB-RAM-128GB-UFS-Scarlet-Red-12-mo-Microsoft-365-included_c0297e29-0115-409f-aa99-55fc1cc11a42.52e867f5cebda83db7fbead6954655d3.jpeg
"Gawfolk 27 inch Curved Monitor 100hz, PC White Computer Gaming Monitor FHD 1080P, 1800R, Frameless, Built-in Speakers",109.$.19,4.7,1074.0,,./New in Tech - Walmart.com_files/Gawfolk-27-inch-Curved-Monitor-100hz-PC-White-Computer-Gaming-Monitor-FHD-1080P-1800R-Frameless-Built-in-Speakers_255b893a-0b49-413c-8473-a6e696552603.72a0a07e15398a2a2654b614e1984d2f.jpeg
SAMSUNG 55 Class DU7200B Crystal UHD 4K Smart TV UN55DU7200BXZA 2024,378.$.00,4.6,197.0,,./New in Tech - Walmart.com_files/891102a4-7ead-43bb-b972-cf8e6f8acbc2.7a23d9f97bf2e3859ce90ec27e06f838.jpeg
"VIZIO 50"" Class 4K UHD LED HDR Smart TV (New) V4K50M-08",238.$.00,4.3,145.0,,./New in Tech - Walmart.com_files/4ee39d11-1221-4565-a907-26e7a47d6ed8.20766af67ece593d4adaefd5fc6586b9.jpeg
"VIZIO 65"" Class 4K UHD LED HDR Smart TV (New) V4K65M-0804",378.$.00,4.5,67.0,,./New in Tech - Walmart.com_files/9d2c0857-1a14-42ff-8aea-1ade44f9ac82.88f134a61a802892d9348449cbf8a72e.jpeg
"Samsung Galaxy S24 Ultra 256GB Unlocked Android Cell Phone with 200MP Camera, Titanium Black","1,045.$.00",4.8,2215.0,,./New in Tech - Walmart.com_files/1de7e163-7269-403f-a4ab-d4c9d1baa52a.4442bb71808d2d9f81ea75a3180b6a20.jpeg
"SAMSUNG 55"" Class Q60DB QLED 4K Smart TV QN55Q60DBFXZA 2024",,4.9,48.0,,./New in Tech - Walmart.com_files/db6a810e-24c6-4d54-99e9-eb68740998bd.118ae917313a4f37650fbe5dff3c711c.jpeg
Apple Watch Series 9 With Blood Oxygen. GPS 41mm Midnight Aluminum Case with Midnight Sport Band - S/M.,299.$.00,4.7,2096.0,,./New in Tech - Walmart.com_files/Apple-Watch-Series-9-With-Blood-Oxygen-GPS-41mm-Midnight-Aluminum-Case-with-Midnight-Sport-Band-S-M_b38485c6-7a6d-4858-abba-19fdf2df4080.a04077e77d6bcfc2a36158dbe6ca0acd.jpeg
"Samsung Galaxy Watch6 Classic Smart Watch, 47mm, Large, Bluetooth, Black",275.$.72,4.7,1949.0,,./New in Tech - Walmart.com_files/Samsung-Galaxy-Watch6-Classic-47mm-Smart-Watch-w-Bluetooth-Stainless-Steel-Black-International-Model_43db6fe4-8735-4654-b66d-71a24a9e53c0.81d99e71286098b2814a5da72edcd8a6.jpeg
"UHM Wireless Gaming Headset for PC/PS4/PS5/ Nintendo Switch, Over Ear 2.4G/Bluetooth Gaming Headphones with Noise-Canceling Microphone, 7.1 Surround Sound, 3.5mm Wired Mode for Xbox Series, Black",37.$.79,4.1,227.0,,./New in Tech - Walmart.com_files/UHM-Wireless-Gaming-Headset-PC-PS4-PS5-Nintendo-Switch-Over-Ear-2-4G-Bluetooth-Headphones-Noise-Canceling-Microphone-7-1-Surround-Sound-3-5mm-Wired-M_dce06695-435e-4d13-88e0-4ea4a648b524.5e52c.png
SAMSUNG 75 Class DU7200B Crystal UHD 4K Smart TV UN75DU7200BXZA 2024,698.$.00,4.6,179.0,,./New in Tech - Walmart.com_files/a10b1cec-7993-4c93-8714-1cf6072cd4e0.b5da59b7e8ca6f3e3cb35124aea124d0.jpeg
"eufy Security Solo Indoor-Cam C220 Wired 2K Surveillance Camera, 24/7 Recording, AI Human Detection",29.$.98,4.7,34.0,,./New in Tech - Walmart.com_files/ddd123ee-e574-4c5f-86a8-5bfaa07e3f70.7e59541eec6461a0136c27bc5192cc10.jpeg
"Hisense 55-Inch Class U6 Series Mini-LED ULED 4K UHD Google Smart TV (55U6N) - QLED Quantum Dot Color, Dolby Vision, Full Array Local Dimming, Game Mode Plus",448.$.00,4.8,11.0,,./New in Tech - Walmart.com_files/647970a5-96f8-40be-9594-06f137a434ba.e431170283a13cd93207ea5861ce7172.jpeg
"Philips 40"" Class FHD (1080p) Roku Smart LED TV (40PFL6533/F7) (New)",148.$.00,4.7,1600.0,,./New in Tech - Walmart.com_files/16e3d07e-4257-48f8-9643-fb550c86a795.32860b1664a66c856df8b30fa3e444f9.jpeg
"Samsung Galaxy Watch6 40mm Smart Watch w/ Bluetooth, Armor Aluminum, Graphite",211.$.72,4.5,1215.0,,./New in Tech - Walmart.com_files/Samsung-Galaxy-Watch6-40mm-Smart-Watch-w-Bluetooth-Armor-Aluminum-Graphite_046d3c4c-b224-4c2a-a128-389b86e7b74c.598ad616af6f8111ead164fa85c911ff.png
"Razer Barracuda X Wireless Gaming Headset for PC, PS5, PS4, NS, Mobile, 2.4GHz, Bluetooth, 250g, White",79.$.99,4.5,74.0,,./New in Tech - Walmart.com_files/Razer-Barracuda-X-Wireless-Gaming-Headset-for-PC-PS5-PS4-NS-Mobile-2-4GHz-Bluetooth-250g-White_3b33d1b7-db53-4c7e-8ae6-eb8f1e34e41c.f3090b8f43bf9b2415b2316c093eacb9.jpeg
SAMSUNG 65 Class DU7200B Crystal UHD 4K Smart TV UN65DU7200BXZA 2024,498.$.00,4.6,217.0,,./New in Tech - Walmart.com_files/a10b1cec-7993-4c93-8714-1cf6072cd4e0.b5da59b7e8ca6f3e3cb35124aea124d0.jpeg
"KOORUI 22 Inch 75Hz 99%sRGB LED Computer Monitor,Full HD 1920 x 1080 Office Monitor, VA Desktop Display, HDMI VGA Ports,Vision Care,22N1",69.$.99,4.2,203.0,,./New in Tech - Walmart.com_files/KOORUI-22-Inch-75Hz-99-sRGB-LED-Computer-Monitor-Full-HD-1920-x-1080-Office-Monitor-VA-Desktop-Display-HDMI-VGA-Ports-Vision-Care-22N1_d10e3bd0-4721-4914-b244-ab00f1048684.a54c0d5b389e0332e45.jpeg
"SAMSUNG 65"" Class Q60DB QLED 4K Smart TV QN65Q60DBFXZA 2024",,4.8,51.0,,./New in Tech - Walmart.com_files/db6a810e-24c6-4d54-99e9-eb68740998bd.118ae917313a4f37650fbe5dff3c711c.jpeg
Beats Studio3 Wireless Noise Cancelling Headphones with Apple W1 Headphone Chip- Matte Black,159.$.00,4.7,8389.0,,./New in Tech - Walmart.com_files/Beats-Studio3-Wireless-Noise-Cancelling-Headphones-with-Apple-W1-Headphone-Chip-Matte-Black_1e0cc20c-9ce5-4c46-8d43-5b3137f2f804.f48ebfada13d181d181756c2ac9ab882.jpeg
"SAMSUNG 32"" Smart Monitor M7 (M70D) 4K UHD with Streaming TV, Speakers and USB-C",399.$.99,,,,https://i5.walmartimages.com/asr/b8469dad-9f08-4fdf-a685-b499f060f079.a0006f71cc35ee2ea5151413bf93f24b.jpeg?odnHeight=784&odnWidth=580&odnBg=FFFFFF
"SteelSeries Arena 7 Illuminated 2.1 Gaming Speakers  2-Way Speaker Design  Powerful Bass, Subwoofer  Reactive RGB Lighting  USB, Aux, Optical, Wired  Bluetooth  PC, PlayStation, Mobile, Mac",299.$.00,4.9,17.0,,https://i5.walmartimages.com/asr/8ac4a5bb-d69e-401f-b7fe-1ea538617713.3fc15b450e41b877f33599da40a4240e.jpeg?odnHeight=784&odnWidth=580&odnBg=FFFFFF
"Hisense 65-Inch Class U6 Series Mini-LED ULED 4K UHD Google Smart TV (65U6N) - QLED Quantum Dot Color, Dolby Vision, Full Array Local Dimming, Game Mode Plus",598.$.00,5.0,8.0,,https://i5.walmartimages.com/asr/f1baa20f-55ca-45da-a2af-9ed4e574c93b.7f41dff70fa9d246cb3870dbf0822a08.jpeg?odnHeight=784&odnWidth=580&odnBg=FFFFFF
Motorola Edge 2023 8/256GB (Unlocked),406.$.05,4.0,39.0,,https://i5.walmartimages.com/asr/39159c38-14e9-44ef-956a-b5b21038d632.f9e0150f9e0f056e09002c4c7a4122ee.jpeg?odnHeight=784&odnWidth=580&odnBg=FFFFFF
MSI Summit 13.3 inch Touch 2-in-1 Laptop Intel Core Ultra 7-155H Intel Evo Edition 16GB RAM 1TB NVMe SSD Stylus Included Black,999.$.00,,,,https://i5.walmartimages.com/asr/cc99f9b1-58b6-4f74-ba49-f128173b8014.0ceaab11337926b28e6ad0b30678584e.jpeg?odnHeight=784&odnWidth=580&odnBg=FFFFFF
"Straight Talk Apple iPhone 15 Plus, 256GB, Green - Prepaid Smartphone","1,029.$.00",2.1,7.0,,https://i5.walmartimages.com/asr/8b2589ee-408b-4336-a4e3-998c6f47826d.d70e1d2b0e1c822cd8d1b8f6cfbc8cbe.jpeg?odnHeight=784&odnWidth=580&odnBg=FFFFFF
"TCL 55"" Q Class 4K UHD HDR QD-Mini LED Smart TV with Google TV (NEW 2024)  55QM751G",698.$.00,,,,https://i5.walmartimages.com/asr/97c7fb31-3252-4a7f-a8f9-d0eae81608ca.b161f5a98aa86aba74eddf737f45f484.jpeg?odnHeight=784&odnWidth=580&odnBg=FFFFFF
moto g stylus 5G 2023 256GB (Unlocked),295.$.00,4.2,72.0,,https://i5.walmartimages.com/asr/78b9bb5f-94a6-4390-9257-5b0b73adcecb.391a83e7ae814e0305931a6012273867.jpeg?odnHeight=784&odnWidth=580&odnBg=FFFFFF
"Razer Cobra Pro Lightweight Wireless PC Gaming Mouse with Razer Chroma RGB, Customizable Controls, 77g, Black",109.$.99,4.8,23.0,,https://i5.walmartimages.com/asr/d00c5c3d-f3fc-48a6-b1d8-49b223778807.c72c5b3a425efcf1940f833032f8b274.jpeg?odnHeight=784&odnWidth=580&odnBg=FFFFFF
"eufy Security Smart Lock C210 5-in-1 Keyless Entry Door Lock, Built-in Wi-Fi, No Bridge Required",79.$.98,3.0,2.0,,https://i5.walmartimages.com/asr/1057d6a0-f9bb-497b-9cce-4eb72de023f5.8575d89774d228bf3352dcb59f485854.jpeg?odnHeight=784&odnWidth=580&odnBg=FFFFFF
"Hisense 55-Inch Class U8 Series Mini-LED Pro+ ULED 4K UHD Google Smart TV (55U8N) - QLED Quantum Dot Color, Dolby Vision, Native 144Hz, Full Array Local Dimming, Motion Rate 480",798.$.00,4.2,5.0,,https://i5.walmartimages.com/asr/3a08d34b-cc0b-4c4c-8649-b65503857b65.83fe8a32dd5a32a3d5d4b9d3bf8c5516.jpeg?odnHeight=784&odnWidth=580&odnBg=FFFFFF
"TCL 65"" Q Class 4K UHD HDR QD-Mini LED Smart TV with Google TV (NEW 2024)  65QM751G",898.$.00,,,,https://i5.walmartimages.com/asr/b26d9974-13b3-44a5-aee0-39445c7086c2.3367310158c0fcd09d7c9a038dbd76d7.jpeg?odnHeight=784&odnWidth=580&odnBg=FFFFFF
"SteelSeries Apex Pro TKL Wireless Mechanical Gaming Keyboard  Tenkeyless  RGB  USB-C - PC, Mac",189.$.99,4.4,7.0,,https://i5.walmartimages.com/asr/05c5747a-bb7e-4186-abf5-f4e70861608f.2ea0afe85ba948514d49ea67c0dc94e7.jpeg?odnHeight=784&odnWidth=580&odnBg=FFFFFF
"eufy Security SoloCam S230 Wireless 2K Solar Powered Camera w/Spotlight, No Monthly Fee",129.$.99,4.8,23.0,,https://i5.walmartimages.com/asr/e922cf53-70b9-4f6e-91d9-a5a5a249c05b.5b93a2fab39b6de083cdcc623b888967.jpeg?odnHeight=784&odnWidth=580&odnBg=FFFFFF
"SAMSUNG 27"" Smart Monitor M5 (M50D) FHD with Streaming TV and Speakers",279.$.99,,,,https://i5.walmartimages.com/asr/b1cc1d90-cc38-4f2b-8524-f9c513ff213f.e5b5cbdb4e93210f86c42a2211f904db.jpeg?odnHeight=784&odnWidth=580&odnBg=FFFFFF
"TCL 75"" Q Class 4K UHD HDR QLED Smart TV with Google TV (NEW 2024)  75Q651G",698.$.00,,,,https://i5.walmartimages.com/asr/c269f1ed-b33b-4b69-a9f7-f6a2eda5c26c.184ca52430ba14a45e309f1014de71ce.jpeg?odnHeight=784&odnWidth=580&odnBg=FFFFFF
"j5create USB-C Dual 4K HDMI Dock Without PD 3.1 Pass Through Charging (5.12x5.12 in and 14.7 oz), JCD3198",86.$.99,4.3,21.0,,https://i5.walmartimages.com/asr/534c3a1c-b97a-445d-adbc-2134fdb936e6.57a590701f898d33d07a4bfb94913f28.jpeg?odnHeight=784&odnWidth=580&odnBg=FFFFFF
"Straight Talk Apple iPhone 15, 128GB, Yellow - Prepaid Smartphone",829.$.00,5.0,1.0,,https://i5.walmartimages.com/asr/330f7f9a-2b2c-4cdf-9746-d96a5d455211.b43f1a112efa664d81ab0318d37b848e.jpeg?odnHeight=784&odnWidth=580&odnBg=FFFFFF
"Mobile Pixels Inc. Geminos 1080p 24-In. Dual-Screen Desktop Monitor, 116-1001P01",695.$.42,3.6,40.0,,https://i5.walmartimages.com/asr/e799684f-ac38-4a42-8b4d-dfd2fceede5b.bf3e0ab130988977505c514605d7344f.jpeg?odnHeight=784&odnWidth=580&odnBg=FFFFFF
Hisense 50-Inch Class A7 Series Dolby Vision HDR 4K UHD Google Smart TV (50A7N),248.$.00,4.9,23.0,,https://i5.walmartimages.com/asr/48bcb534-b73d-4697-b9b5-87483e575b4d.ce20de86c67452056480e5938e4934d6.jpeg?odnHeight=784&odnWidth=580&odnBg=FFFFFF
"Microsoft Surface Laptop Copilot+ PC 13.8"" Touchscreen Snapdragon X Plus Processor 16GB Memory 256GB SSD (7th Edition) Platinum",999.$.99,,,,https://i5.walmartimages.com/asr/8e6e0a02-25d3-4bc7-a263-cc109a8c8e24.7d136fbc214783d8159559dfb64f03e9.jpeg?odnHeight=784&odnWidth=580&odnBg=FFFFFF
"MP TRIO 2.0 13.3-In. 1080p Portable Laptop Monitors, 101-1003P04",384.$.19,,,,https://i5.walmartimages.com/asr/2bd33532-5833-4961-9f86-2d2f4db3bd2f.06484d0d1ba0a58c6cd41defd98a52c1.jpeg?odnHeight=784&odnWidth=580&odnBg=FFFFFF
"TCL 50"" S Class 4K UHD HDR LED Smart TV with Google TV (NEW 2024) - 50S551G",258.$.00,,,,https://i5.walmartimages.com/asr/32428734-7857-4a2a-ab09-76b1993afe55.2b7ce1d1d6c109818ba80a1f3988d38e.jpeg?odnHeight=784&odnWidth=580&odnBg=FFFFFF
"Razer Naga V2 HyperSpeed Wireless MMO Gaming Mouse for PC, 19 Buttons, 2.4GHz, Bluetooth, Black",99.$.99,4.4,23.0,,https://i5.walmartimages.com/asr/1896545a-9013-4b97-8c9d-5095629dd45c.2827c6d7903b14682522578cc6bdd223.jpeg?odnHeight=784&odnWidth=580&odnBg=FFFFFF
"TCL 50"" Q Class 4K UHD HDR QLED Smart TV with Google TV (NEW 2024)  50Q651G",348.$.00,,,,https://i5.walmartimages.com/asr/740d9672-ec93-437a-9d9c-9cae7d9db62e.c18e9b73f6d6f6ad46d8ed8f70155a81.jpeg?odnHeight=784&odnWidth=580&odnBg=FFFFFF
"j5create USB-C Dual 4K HDMI 10Gbps Mini Dock (2.24x5.8in and 4oz) 100W, JCD398",85.$.00,4.6,20.0,,https://i5.walmartimages.com/asr/2b969f4d-5321-4579-9181-c88aac50c9e4.e49d492b5f29170c8bf7076a9813bad1.jpeg?odnHeight=784&odnWidth=580&odnBg=FFFFFF
"Microsoft Surface Pro Copilot+ PC Touchscreen 13"" LCD Snapdragon X Plus Processor 16GB RAM 256GB SSD (11th Edition) Platinum",999.$.99,,,,https://i5.walmartimages.com/asr/8b0767c1-3020-4663-9eaf-d1ea5abde4df.99c2a326ddfb7cbbbd7d6952acc89ea8.jpeg?odnHeight=784&odnWidth=580&odnBg=FFFFFF
"Arzopa 15.6'' 144Hz Portable Gaming Monitor, 1080P FHD USBC HDMI, External Second Screen for Laptop, PS5",119.$.99,4.5,11.0,,https://i5.walmartimages.com/asr/c3da30b5-4359-4a72-a314-52d74e797507.6a128141ce14e667f5d527513fe893e7.jpeg?odnHeight=784&odnWidth=580&odnBg=FFFFFF
Verizon Apple iPhone 15 Pro 128GB Natural Titanium,26.$.37/month,4.6,7.0,,https://i5.walmartimages.com/seo/Verizon-Apple-iPhone-15-Pro-128GB-Natural-Titanium_79baf43f-cbc5-44b3-b066-5b7c88b6dfec.77e2bd5aadd90f19f91b7846d14c2b0e.jpeg?odnHeight=784&odnWidth=580&odnBg=FFFFFF
"Monster LED 13ft Multi-Color Color Flow Light Strip, Customizable, Indoor, Corded Electric",16.$.99,4.4,89.0,,https://i5.walmartimages.com/asr/23d1a3f1-b8c7-4593-bafb-7fddda46d8f5.4cdbce33509d9318a0ca71f0330dbd15.jpeg?odnHeight=784&odnWidth=580&odnBg=FFFFFF
"Razer Kraken Kitty V2 USB Wired RGB Headset, Chroma Kitty Ears Stream Reactive Lighting, Quartz Pink",99.$.00,4.5,29.0,,https://i5.walmartimages.com/asr/898535a9-4026-4797-9d33-75f35033bba2.9404e0f697c8c9ea741abad434768bea.jpeg?odnHeight=784&odnWidth=580&odnBg=FFFFFF
"Samsung Galaxy S24 256GB Unlocked Android Cell Phone with 50MP Camera, Marble Gray",859.$.99,3.7,60.0,,https://i5.walmartimages.com/asr/0baff90c-01ae-4485-ab85-f81ccca9f974.d0848585981ca88f555922e5a3a3ed8b.jpeg?odnHeight=784&odnWidth=580&odnBg=FFFFFF
MP 101-1008P01 Glance Pro 15.6-In. Touch-Screen Display Monitor,390.$.78,4.5,51.0,,https://i5.walmartimages.com/asr/43cb5ec2-3ad2-4b4d-8389-52c9a2a8d3cb.d944c5bb3735ea76d5ced92ab1c29a64.jpeg?odnHeight=784&odnWidth=580&odnBg=FFFFFF
"Singing Machine Sing Cast Max Stand-Alone Karaoke Machine, Stand, & LED Lights, Black, SMC2035",115.$.79,4.4,37.0,,https://i5.walmartimages.com/asr/62ee8709-2821-47c9-bbd8-fcd77ec91fb8.7f63818c1fb926637d2681f46160b382.jpeg?odnHeight=784&odnWidth=580&odnBg=FFFFFF
Epson EpiqVision Flex CO-FH02 Smart Portable Projector,549.$.99,4.6,20.0,,https://i5.walmartimages.com/asr/f568acb8-ccd4-4c27-a0c7-0095f44ecaf3.9d0570980c514234c10ff065710125f4.jpeg?odnHeight=784&odnWidth=580&odnBg=FFFFFF
"Samsung Galaxy S24 256GB Unlocked Android Cell Phone with 50MP Camera, Cobalt Violet",896.$.99,3.5,61.0,,https://i5.walmartimages.com/asr/bbb10e09-ec02-4bc6-8cbb-2f2cd8b1d848.677bb3578997f1d757ef18a975919587.jpeg?odnHeight=784&odnWidth=580&odnBg=FFFFFF
"SAMSUNG 32"" Smart Monitor M7 (M70D) 4K UHD with Streaming TV, Speakers and USB-C",399.$.99,,,,https://i5.walmartimages.com/asr/b8469dad-9f08-4fdf-a685-b499f060f079.a0006f71cc35ee2ea5151413bf93f24b.jpeg?odnHeight=784&odnWidth=580&odnBg=FFFFFF
"SteelSeries Arena 7 Illuminated 2.1 Gaming Speakers  2-Way Speaker Design  Powerful Bass, Subwoofer  Reactive RGB Lighting  USB, Aux, Optical, Wired  Bluetooth  PC, PlayStation, Mobile, Mac",299.$.00,4.9,17.0,,https://i5.walmartimages.com/asr/8ac4a5bb-d69e-401f-b7fe-1ea538617713.3fc15b450e41b877f33599da40a4240e.jpeg?odnHeight=784&odnWidth=580&odnBg=FFFFFF
"Hisense 65-Inch Class U6 Series Mini-LED ULED 4K UHD Google Smart TV (65U6N) - QLED Quantum Dot Color, Dolby Vision, Full Array Local Dimming, Game Mode Plus",598.$.00,5.0,8.0,,https://i5.walmartimages.com/asr/f1baa20f-55ca-45da-a2af-9ed4e574c93b.7f41dff70fa9d246cb3870dbf0822a08.jpeg?odnHeight=784&odnWidth=580&odnBg=FFFFFF
Motorola Edge 2023 8/256GB (Unlocked),406.$.05,4.0,39.0,,https://i5.walmartimages.com/asr/39159c38-14e9-44ef-956a-b5b21038d632.f9e0150f9e0f056e09002c4c7a4122ee.jpeg?odnHeight=784&odnWidth=580&odnBg=FFFFFF
MSI Summit 13.3 inch Touch 2-in-1 Laptop Intel Core Ultra 7-155H Intel Evo Edition 16GB RAM 1TB NVMe SSD Stylus Included Black,999.$.00,,,,https://i5.walmartimages.com/asr/cc99f9b1-58b6-4f74-ba49-f128173b8014.0ceaab11337926b28e6ad0b30678584e.jpeg?odnHeight=784&odnWidth=580&odnBg=FFFFFF
"Straight Talk Apple iPhone 15 Plus, 256GB, Green - Prepaid Smartphone","1,029.$.00",2.1,7.0,,https://i5.walmartimages.com/asr/8b2589ee-408b-4336-a4e3-998c6f47826d.d70e1d2b0e1c822cd8d1b8f6cfbc8cbe.jpeg?odnHeight=784&odnWidth=580&odnBg=FFFFFF
"TCL 55"" Q Class 4K UHD HDR QD-Mini LED Smart TV with Google TV (NEW 2024)  55QM751G",698.$.00,,,,https://i5.walmartimages.com/asr/97c7fb31-3252-4a7f-a8f9-d0eae81608ca.b161f5a98aa86aba74eddf737f45f484.jpeg?odnHeight=784&odnWidth=580&odnBg=FFFFFF
moto g stylus 5G 2023 256GB (Unlocked),295.$.00,4.2,72.0,,https://i5.walmartimages.com/asr/78b9bb5f-94a6-4390-9257-5b0b73adcecb.391a83e7ae814e0305931a6012273867.jpeg?odnHeight=784&odnWidth=580&odnBg=FFFFFF
"Razer Cobra Pro Lightweight Wireless PC Gaming Mouse with Razer Chroma RGB, Customizable Controls, 77g, Black",109.$.99,4.8,23.0,,https://i5.walmartimages.com/asr/d00c5c3d-f3fc-48a6-b1d8-49b223778807.c72c5b3a425efcf1940f833032f8b274.jpeg?odnHeight=784&odnWidth=580&odnBg=FFFFFF
"eufy Security Smart Lock C210 5-in-1 Keyless Entry Door Lock, Built-in Wi-Fi, No Bridge Required",79.$.98,3.0,2.0,,https://i5.walmartimages.com/asr/1057d6a0-f9bb-497b-9cce-4eb72de023f5.8575d89774d228bf3352dcb59f485854.jpeg?odnHeight=784&odnWidth=580&odnBg=FFFFFF
"Hisense 55-Inch Class U8 Series Mini-LED Pro+ ULED 4K UHD Google Smart TV (55U8N) - QLED Quantum Dot Color, Dolby Vision, Native 144Hz, Full Array Local Dimming, Motion Rate 480",798.$.00,4.2,5.0,,https://i5.walmartimages.com/asr/3a08d34b-cc0b-4c4c-8649-b65503857b65.83fe8a32dd5a32a3d5d4b9d3bf8c5516.jpeg?odnHeight=784&odnWidth=580&odnBg=FFFFFF
"TCL 65"" Q Class 4K UHD HDR QD-Mini LED Smart TV with Google TV (NEW 2024)  65QM751G",898.$.00,,,,https://i5.walmartimages.com/asr/b26d9974-13b3-44a5-aee0-39445c7086c2.3367310158c0fcd09d7c9a038dbd76d7.jpeg?odnHeight=784&odnWidth=580&odnBg=FFFFFF
"SteelSeries Apex Pro TKL Wireless Mechanical Gaming Keyboard  Tenkeyless  RGB  USB-C - PC, Mac",189.$.99,4.4,7.0,,https://i5.walmartimages.com/asr/05c5747a-bb7e-4186-abf5-f4e70861608f.2ea0afe85ba948514d49ea67c0dc94e7.jpeg?odnHeight=784&odnWidth=580&odnBg=FFFFFF
"eufy Security SoloCam S230 Wireless 2K Solar Powered Camera w/Spotlight, No Monthly Fee",129.$.99,4.8,23.0,,https://i5.walmartimages.com/asr/e922cf53-70b9-4f6e-91d9-a5a5a249c05b.5b93a2fab39b6de083cdcc623b888967.jpeg?odnHeight=784&odnWidth=580&odnBg=FFFFFF
"SAMSUNG 27"" Smart Monitor M5 (M50D) FHD with Streaming TV and Speakers",279.$.99,,,,https://i5.walmartimages.com/asr/b1cc1d90-cc38-4f2b-8524-f9c513ff213f.e5b5cbdb4e93210f86c42a2211f904db.jpeg?odnHeight=784&odnWidth=580&odnBg=FFFFFF
"TCL 75"" Q Class 4K UHD HDR QLED Smart TV with Google TV (NEW 2024)  75Q651G",698.$.00,,,,https://i5.walmartimages.com/asr/c269f1ed-b33b-4b69-a9f7-f6a2eda5c26c.184ca52430ba14a45e309f1014de71ce.jpeg?odnHeight=784&odnWidth=580&odnBg=FFFFFF
"j5create USB-C Dual 4K HDMI Dock Without PD 3.1 Pass Through Charging (5.12x5.12 in and 14.7 oz), JCD3198",86.$.99,4.3,21.0,,https://i5.walmartimages.com/asr/534c3a1c-b97a-445d-adbc-2134fdb936e6.57a590701f898d33d07a4bfb94913f28.jpeg?odnHeight=784&odnWidth=580&odnBg=FFFFFF
"Straight Talk Apple iPhone 15, 128GB, Yellow - Prepaid Smartphone",829.$.00,5.0,1.0,,https://i5.walmartimages.com/asr/330f7f9a-2b2c-4cdf-9746-d96a5d455211.b43f1a112efa664d81ab0318d37b848e.jpeg?odnHeight=784&odnWidth=580&odnBg=FFFFFF
"Mobile Pixels Inc. Geminos 1080p 24-In. Dual-Screen Desktop Monitor, 116-1001P01",695.$.42,3.6,40.0,,https://i5.walmartimages.com/asr/e799684f-ac38-4a42-8b4d-dfd2fceede5b.bf3e0ab130988977505c514605d7344f.jpeg?odnHeight=784&odnWidth=580&odnBg=FFFFFF
Hisense 50-Inch Class A7 Series Dolby Vision HDR 4K UHD Google Smart TV (50A7N),248.$.00,4.9,23.0,,https://i5.walmartimages.com/asr/48bcb534-b73d-4697-b9b5-87483e575b4d.ce20de86c67452056480e5938e4934d6.jpeg?odnHeight=784&odnWidth=580&odnBg=FFFFFF
"Microsoft Surface Laptop Copilot+ PC 13.8"" Touchscreen Snapdragon X Plus Processor 16GB Memory 256GB SSD (7th Edition) Platinum",999.$.99,,,,https://i5.walmartimages.com/asr/8e6e0a02-25d3-4bc7-a263-cc109a8c8e24.7d136fbc214783d8159559dfb64f03e9.jpeg?odnHeight=784&odnWidth=580&odnBg=FFFFFF
"MP TRIO 2.0 13.3-In. 1080p Portable Laptop Monitors, 101-1003P04",384.$.19,,,,https://i5.walmartimages.com/asr/2bd33532-5833-4961-9f86-2d2f4db3bd2f.06484d0d1ba0a58c6cd41defd98a52c1.jpeg?odnHeight=784&odnWidth=580&odnBg=FFFFFF
"TCL 50"" S Class 4K UHD HDR LED Smart TV with Google TV (NEW 2024) - 50S551G",258.$.00,,,,https://i5.walmartimages.com/asr/32428734-7857-4a2a-ab09-76b1993afe55.2b7ce1d1d6c109818ba80a1f3988d38e.jpeg?odnHeight=784&odnWidth=580&odnBg=FFFFFF
"Razer Naga V2 HyperSpeed Wireless MMO Gaming Mouse for PC, 19 Buttons, 2.4GHz, Bluetooth, Black",99.$.99,4.4,23.0,,https://i5.walmartimages.com/asr/1896545a-9013-4b97-8c9d-5095629dd45c.2827c6d7903b14682522578cc6bdd223.jpeg?odnHeight=784&odnWidth=580&odnBg=FFFFFF
"TCL 50"" Q Class 4K UHD HDR QLED Smart TV with Google TV (NEW 2024)  50Q651G",348.$.00,,,,https://i5.walmartimages.com/asr/740d9672-ec93-437a-9d9c-9cae7d9db62e.c18e9b73f6d6f6ad46d8ed8f70155a81.jpeg?odnHeight=784&odnWidth=580&odnBg=FFFFFF
"j5create USB-C Dual 4K HDMI 10Gbps Mini Dock (2.24x5.8in and 4oz) 100W, JCD398",85.$.00,4.6,20.0,,https://i5.walmartimages.com/asr/2b969f4d-5321-4579-9181-c88aac50c9e4.e49d492b5f29170c8bf7076a9813bad1.jpeg?odnHeight=784&odnWidth=580&odnBg=FFFFFF
"Microsoft Surface Pro Copilot+ PC Touchscreen 13"" LCD Snapdragon X Plus Processor 16GB RAM 256GB SSD (11th Edition) Platinum",999.$.99,,,,https://i5.walmartimages.com/asr/8b0767c1-3020-4663-9eaf-d1ea5abde4df.99c2a326ddfb7cbbbd7d6952acc89ea8.jpeg?odnHeight=784&odnWidth=580&odnBg=FFFFFF
"Arzopa 15.6'' 144Hz Portable Gaming Monitor, 1080P FHD USBC HDMI, External Second Screen for Laptop, PS5",119.$.99,4.5,11.0,,https://i5.walmartimages.com/asr/c3da30b5-4359-4a72-a314-52d74e797507.6a128141ce14e667f5d527513fe893e7.jpeg?odnHeight=784&odnWidth=580&odnBg=FFFFFF
Verizon Apple iPhone 15 Pro 128GB Natural Titanium,26.$.37/month,4.6,7.0,,https://i5.walmartimages.com/seo/Verizon-Apple-iPhone-15-Pro-128GB-Natural-Titanium_79baf43f-cbc5-44b3-b066-5b7c88b6dfec.77e2bd5aadd90f19f91b7846d14c2b0e.jpeg?odnHeight=784&odnWidth=580&odnBg=FFFFFF
"Monster LED 13ft Multi-Color Color Flow Light Strip, Customizable, Indoor, Corded Electric",16.$.99,4.4,89.0,,https://i5.walmartimages.com/asr/23d1a3f1-b8c7-4593-bafb-7fddda46d8f5.4cdbce33509d9318a0ca71f0330dbd15.jpeg?odnHeight=784&odnWidth=580&odnBg=FFFFFF
"Razer Kraken Kitty V2 USB Wired RGB Headset, Chroma Kitty Ears Stream Reactive Lighting, Quartz Pink",99.$.00,4.5,29.0,,https://i5.walmartimages.com/asr/898535a9-4026-4797-9d33-75f35033bba2.9404e0f697c8c9ea741abad434768bea.jpeg?odnHeight=784&odnWidth=580&odnBg=FFFFFF
"Samsung Galaxy S24 256GB Unlocked Android Cell Phone with 50MP Camera, Marble Gray",859.$.99,3.7,60.0,,https://i5.walmartimages.com/asr/0baff90c-01ae-4485-ab85-f81ccca9f974.d0848585981ca88f555922e5a3a3ed8b.jpeg?odnHeight=784&odnWidth=580&odnBg=FFFFFF
MP 101-1008P01 Glance Pro 15.6-In. Touch-Screen Display Monitor,390.$.78,4.5,51.0,,https://i5.walmartimages.com/asr/43cb5ec2-3ad2-4b4d-8389-52c9a2a8d3cb.d944c5bb3735ea76d5ced92ab1c29a64.jpeg?odnHeight=784&odnWidth=580&odnBg=FFFFFF
"Singing Machine Sing Cast Max Stand-Alone Karaoke Machine, Stand, & LED Lights, Black, SMC2035",115.$.79,4.4,37.0,,https://i5.walmartimages.com/asr/62ee8709-2821-47c9-bbd8-fcd77ec91fb8.7f63818c1fb926637d2681f46160b382.jpeg?odnHeight=784&odnWidth=580&odnBg=FFFFFF
Epson EpiqVision Flex CO-FH02 Smart Portable Projector,549.$.99,4.6,20.0,,https://i5.walmartimages.com/asr/f568acb8-ccd4-4c27-a0c7-0095f44ecaf3.9d0570980c514234c10ff065710125f4.jpeg?odnHeight=784&odnWidth=580&odnBg=FFFFFF
"Samsung Galaxy S24 256GB Unlocked Android Cell Phone with 50MP Camera, Cobalt Violet",896.$.99,3.5,61.0,,https://i5.walmartimages.com/asr/bbb10e09-ec02-4bc6-8cbb-2f2cd8b1d848.677bb3578997f1d757ef18a975919587.jpeg?odnHeight=784&odnWidth=580&odnBg=FFFFFF
Honeywell 2-in-1 Pack Power Strips - 6 AC Outlets Surge + 3 AC 2 USB Strip (1 USB-A + 1 USB-C 2.1A) - Pink,21.$.98,5.0,10.0,,./index4_files/Honeywell-2-in-1-Pack-Power-Strips-6-AC-Outlets-Surge-3-AC-2-USB-Strip-1-USB-A-1-USB-C-2-1A-Pink_90f8f1de-e791-415a-9e8c-57a48405e62e.63fb4b540ec467c1f27aa1d017224a6a.jpeg
SAMSUNG 55 Class S90D OLED Smart TV QN55S90DAFXZA 2024,"1,597.$.99",4.9,32.0,,./index4_files/62429bfb-31be-45de-997e-5cab570fc633.618a024bab6aa1b586e6a6dddbb31709.jpeg
Mobile Pixels 101-1003P01 Trio Portable 12.5 Inch Monitor Extension for Laptops,179.$.99,4.3,612.0,,./index4_files/Mobile-Pixels-101-1003P01-Trio-Portable-12-5-Inch-Monitor-Extension-for-Laptops_9f9c8afa-fdbf-4ca4-b518-abc80c73b5bf.3b06657be3413dc983ed548b6d0081f0.jpeg
"Samsung Galaxy Tab S9 11"" Tablet, 128GB, Android, Graphite",657.$.00,4.8,317.0,,./index4_files/Samsung-Galaxy-Tab-S9-11-Tablet-128GB-Android-Graphite_05560228-0370-4126-a308-06a1c2eae2a1.4f893309a7250352a893610ee121a164.jpeg
SAMSUNG 55 Class QN85D NEO QLED 4K Smart TV QN55QN85DBFXZA 2024,"1,197.$.99",4.9,56.0,,./index4_files/933ec437-6800-446d-bf56-45d73eaf2f06.1fa9b8fa3127f1bd8f23af1befb98030.jpeg
"Monster LED 100ft Multicolor Light Strip, Indoor, Bedrooms, Remote Control, Corded Electric",28.$.88,3.9,1235.0,,./index4_files/d71e80b7-61b5-49e7-ac8c-5fab08eb98f9.7a91b2b59d2d0c35f9cbc88765587387.jpeg
Logitech MX Mechanical Wireless Illuminated Performance Keyboard,132.$.97,2.0,4.0,,./index4_files/Logitech-MX-Mechanical-Wireless-Illuminated-Performance-Keyboard_f1374237-9407-4e8e-9bae-bad881ca0a13.c6805d3d13ed1f1ed3c9637e4d36391d.jpeg
"SAMSUNG 75"" Class Q60DB QLED 4K Smart TV QN75Q60DBFXZA 2024",,4.9,48.0,,./index4_files/42abaded-1ae4-4436-9d18-f3d341e49528.230436c12562f17018fe7b8442218324.jpeg
"Samsung Galaxy S24 Ultra 256GB Unlocked Android Cell Phone with 200MP Camera, Titanium Gray","1,299.$.99",4.8,2206.0,,./index4_files/71c0c798-b95e-4f98-a0e6-861c120d62c4.d734b7b56042548bbf08c3e9df73dec4.png
"Belkin SoundForm Adapt Wireless Over-Ear Headset,Headphones for Work, Play, Gaming, & Travel with Built-in Boom Microphone - Compatible with iPhone, iPad, Galaxy, and More - Black",39.$.99,4.8,52.0,,./index4_files/a14ba42a-782a-47c9-8383-e789dee6a370.c69d7f0ac3035801676e730967227e7b.jpeg
"Logitech G Pro X Superlight 2 Lightspeed Wireless Gaming Mouse, Lightweight, Black",128.$.00,,,,./index4_files/9d25ad65-1d7a-43cc-aef9-e4c97e13cf3a.502d0a94948b7b5142ae22488d59ebdd.png
"TCL 40"" Class S Class 1080p FHD HDR LED Smart TV with Google TV, 40S350G",148.$.00,4.1,218.0,,./index4_files/9d180f10-8379-492f-a49d-e827a8e72dc8.96d1a88d52046c547b437c4203ebcaaa.jpeg
Mobile Pixels 101-1004P01 Trio Portable 14 Inch Monitor Extension for Laptops,189.$.95,4.2,621.0,,./index4_files/Mobile-Pixels-101-1004P01-Trio-Portable-14-Inch-Monitor-Extension-for-Laptops_5db9bf49-6676-4316-9b27-6dc3304d2766.b7cd809529346c0b8fed11a9d7ed22e4.jpeg
Verizon Apple iPhone 15 Pro Max 256GB Natural Titanium,29.$.14/month,4.3,6.0,,./index4_files/Verizon-Apple-iPhone-15-Pro-Max-256GB-Natural-Titanium_43b58742-b6ad-491a-a795-e6c2eb6bcc6f.d6fa026332e1941b129f607c592844ab.jpeg
SAMSUNG 65 Class DU8000B Crystal UHD 4K Smart TV UN65DU8000BXZA 2024,648.$.00,4.5,86.0,,./index4_files/2d1135cf-f51d-4bb1-82d0-78058990e5c0.b1340be90ca5fc99a55223680a230d6c.jpeg
AT&T Apple iPhone 15 Pro Max 256GB Natural Titanium,29.$.14/month,4.1,9.0,,./index4_files/AT-T-Apple-iPhone-15-Pro-Max-256GB-Natural-Titanium_43b58742-b6ad-491a-a795-e6c2eb6bcc6f.d6fa026332e1941b129f607c592844ab.jpeg
"Roku 50-Inch Select Series 4K HDR Smart Roku TV with Roku Enhanced Voice Remote, Brilliant 4K Picture, Automatic Brightness, & Seamless Streaming",248.$.00,4.4,167.0,,./index4_files/fcbcdcb4-ce52-4bd6-9b8d-d5b51872ecb3.1d07fc261defb3bdca540634f8e6a0ad.jpeg
"Bose QuietComfort Headphones Noise Cancelling Over-Ear Wireless Bluetooth Earphones, Black",349.$.00,4.7,359.0,,./index4_files/Bose-QuietComfort-Headphones-Noise-Cancelling-Over-Ear-Wireless-Bluetooth-Earphones-Black_b4f60e4d-0971-42d4-a487-bbe631927fb0.b8b79c4c2e8326b3f7f0d2388c25b697.jpeg
"TCL 85"" S Class 4K UHD HDR LED Smart TV with Google TV (NEW 2024) - 85S551G",798.$.00,,,,./index4_files/4ab089af-800c-4a33-ba4f-2231b0e7cb43.8d0ac24476d5e2030c5c0f51028442bb.jpeg
"Razer Seiren Mini USB Ultra Compact Condenser Microphone for Streaming and Gaming on PC, Black",42.$.50,4.5,135.0,,./index4_files/0f4fb55c-82e4-4d04-91f7-f28c264b2d93.99c030728a11cf21eaef3834be4cdeba.jpeg
HP Chromebook X360 14 inch FHD IPS Touch 2-in-1 Laptop Intel Processor N100 4GB RAM 64GB eMMC Sky Blue,279.$.00,4.3,9.0,,./index4_files/383a420a-aabf-4aec-80e2-403238eefed1.da0d8583786edcfa7ae8047341285b72.jpeg
SAMSUNG 65 Class LS03D The Frame QLED HDR QN65LS03DAFXZA 2024,"1,897.$.99",4.6,44.0,,./index4_files/96597279-fad3-4c71-912d-80f0ad6229ae.74f8762fdf2b675b319fbc29a9797dd0.jpeg
"SteelSeries Apex Pro TKL Wireless Mechanical Gaming Keyboard  Tenkeyless  RGB  USB-C - PC, Mac",189.$.99,4.4,7.0,,./index4_files/05c5747a-bb7e-4186-abf5-f4e70861608f.2ea0afe85ba948514d49ea67c0dc94e7.jpeg
"Hisense 55-Inch Class U8 Series Mini-LED Pro+ ULED 4K UHD Google Smart TV (55U8N) - QLED Quantum Dot Color, Dolby Vision, Native 144Hz, Full Array Local Dimming, Motion Rate 480",798.$.00,4.2,5.0,,./index4_files/3a08d34b-cc0b-4c4c-8649-b65503857b65.83fe8a32dd5a32a3d5d4b9d3bf8c5516.jpeg
"Bose QuietComfort Ultra Wireless Noise Cancelling Bluetooth Headphones, Black",429.$.00,4.7,535.0,,./index4_files/Bose-QuietComfort-Ultra-Wireless-Noise-Cancelling-Bluetooth-Headphones-Black_4a17732c-c548-4d96-af9c-ebb490efd56b.24ccd50051e17a63c1b4ed144ba13956.jpeg
MP 101-1008P01 Glance Pro 15.6-In. Touch-Screen Display Monitor,390.$.78,4.5,51.0,,./index4_files/43cb5ec2-3ad2-4b4d-8389-52c9a2a8d3cb.d944c5bb3735ea76d5ced92ab1c29a64.jpeg
SAMSUNG 50 Class QN90D Neo QLED 4K Smart TV QN50QN90DAFXZA 2024,"1,397.$.99",4.8,47.0,,./index4_files/a28f3fe2-f39d-411f-b5a8-6e3b189ad9d5.2ae44690fcb50f240fc38763b081ee69.jpeg
"TCL 98"" Q Class 4K UHD HDR QD-Mini LED Smart TV with Google TV (NEW 2024)  98QM851G","4,998.$.00",,,,./index4_files/3df0c533-acdb-4f34-b8ce-66cc3d03c98f.8b79e0370d4b26b5a91131d7c4db0626.jpeg
"Logitech Wireless Presenter R400, Wireless Presentation Remote Clicker with Laser Pointer, Black",23.$.99,4.6,40.0,,./index4_files/90ad4bcb-0f7c-4184-a8e3-b26fcb4a28c4_1.b30011dac9578734baf7e34ff6536433.jpeg
"MobileX SIM Card Starter Kit, No Airtime - Prepaid",9.$.88,3.7,61.0,,./index4_files/9a12fce7-e446-406d-b948-d9fc56e53adf.3ea167a48ac5e95dcaa666f532f284cd.jpeg
"TCL 43"" Q Class 4K UHD HDR QLED Smart TV with Google TV (NEW 2024)  43Q651G",278.$.00,5.0,1.0,,./index4_files/97020acc-63ed-4737-9719-e7f7d8d1c069.cb07b77da7dd9118e6562fdcae94bda8.jpeg
"Bose QuietComfort Ultra Wireless Earbuds, Noise Cancelling Bluetooth Headphones, Black",299.$.00,4.4,1084.0,,./index4_files/Bose-QuietComfort-Ultra-Wireless-Earbuds-Noise-Cancelling-Bluetooth-Headphones-Black_7c5b6e04-a3ce-49fb-9331-9789add5621c.3ab90d2d610b5aad78b59882059d66ae.jpeg
"Asus ZenScreen MB166C 16"" Class Full HD LCD Monitor, 16:9, Black",119.$.99,4.0,24.0,,./index4_files/658a8872-8380-4c5a-bf6e-300fcd52a1a2.f8b636d3a7ec3d51ebcad1dc05ef0e43.png
Apple Watch Series 9 With Blood Oxygen. GPS + Cellular 45mm Midnight Aluminum Case with Midnight Sport Loop.,429.$.00,4.5,329.0,,./index4_files/Apple-Watch-Series-9-With-Blood-Oxygen-GPS-Cellular-45mm-Midnight-Aluminum-Case-with-Midnight-Sport-Loop_655a5853-7127-453a-bda2-177b80f6c342.3a1ed6c9f9e140aa2aa7718323313f26.jpeg
"TCL 85"" Q Class 4K UHD HDR QD-Mini LED Smart TV with Google TV (NEW 2024)  85QM851G","2,498.$.00",,,,./index4_files/81478d36-b220-4392-aff7-62f8a3d66441.c11d12e090170bb58598e79189b19b32.jpeg
"eufy Security Smart Lock C210 5-in-1 Keyless Entry Door Lock, Built-in Wi-Fi, No Bridge Required",79.$.98,3.0,2.0,,./index4_files/1057d6a0-f9bb-497b-9cce-4eb72de023f5.8575d89774d228bf3352dcb59f485854.jpeg
